eplenmean,eprewmean,fps,loss/approxkl,loss/clipfrac,loss/policy_entropy,loss/policy_loss,loss/value_loss,misc/explained_variance,misc/nupdates,misc/serial_timesteps,misc/time_elapsed,misc/total_timesteps
81.79,-88.06833520999997,3846,0.0020754609408143673,0.016507339477539063,1.4007033005356788,-0.0012904734445328358,0.12229537456296384,-0.00043844301253557203,1,2048,17.0380815,65536
105.41,-108.57947358999998,3884,0.0014723348562687927,0.010624504089355469,1.3764873754233122,-0.0012104703328077449,0.03332592227961868,0.21028985157608987,2,4096,33.9100654,131072
101.75,-100.97458346000002,3868,0.0015378190588400498,0.011496162414550782,1.3487603947520257,-0.001283766109190765,0.03265993006643839,0.3750680945813656,3,6144,50.850863,196608
138.92,-125.94195097999996,3564,0.0015305859110105566,0.011363983154296875,1.3236110024154186,-0.0013166228471163776,0.031894967635162176,0.472844179905951,4,8192,69.23762260000001,262144
111.47,-96.68214916000001,3678,0.0015790138397299713,0.01220245361328125,1.3019240099936724,-0.0013702058626222425,0.0328261343005579,0.5899499766528606,5,10240,87.05453560000001,327680
70.08,-52.006354699999996,3784,0.0015565707799419797,0.01165771484375,1.2806287538260221,-0.0013894214269384974,0.03801332283765078,0.6490747681818902,6,12288,104.3747908,393216
81.9,-69.21279970000002,3886,0.0018155704926823735,0.014483070373535157,1.257794213667512,-0.0016140816631377674,0.03892949987202883,0.7083956987597049,7,14336,121.2370675,458752
108.45,-81.58834049000001,3883,0.001764382140454724,0.014083290100097656,1.2345938943326473,-0.001598986890166998,0.03939137813868001,0.7574530408717692,8,16384,138.11210540000002,524288
81.0,-57.73888438,3885,0.0018754297378281181,0.014925003051757812,1.2104069881141186,-0.0017250361146579963,0.04007345522986725,0.7771392530295997,9,18432,154.9803611,589824
92.46,-64.68801528,3873,0.0018399790303620309,0.01461181640625,1.1867526963353157,-0.0017422401215299033,0.040508503804448995,0.8001010064966977,10,20480,171.90122730000002,655360
55.97,-35.40507564000001,3868,0.0019046353092614394,0.015114593505859374,1.1624936982989311,-0.0017674397691735066,0.038913971022702755,0.8249307983089238,11,22528,188.8435815,720896
58.46,-32.69492125,3888,0.0020138243509316414,0.01628742218017578,1.1357133809477091,-0.0018591393774840981,0.039849920279812066,0.8336536316201091,12,24576,205.6978493,786432
80.36,-44.72766945999999,3890,0.0019538042919594787,0.01578044891357422,1.1110089477151632,-0.0018641373135324102,0.03475710764178075,0.8619351736735552,13,26624,222.5429154,851968
53.76,-24.721105789999996,3884,0.001976472446649725,0.01580810546875,1.0863562617450953,-0.0018042529096419456,0.03739141141995787,0.8470468775369226,14,28672,239.4147366,917504
51.74,-20.339719130000002,3884,0.002086484441653446,0.01673736572265625,1.0585022281855345,-0.00196653235834674,0.03072022449923679,0.8814007106004282,15,30720,256.28640199999995,983040
71.2,-26.491094609999994,3859,0.002378966429893965,0.020360755920410156,1.027857830747962,-0.0021478463138919325,0.02957954850862734,0.8865617803530768,16,32768,273.2658467,1048576
67.73,-22.079859749999997,3884,0.0021608084391733463,0.017992019653320312,0.9974545834586024,-0.00203932519434602,0.02897376932669431,0.8861097227083519,17,34816,290.136914,1114112
78.25,-21.10259926,3893,0.00223182532563169,0.019156837463378908,0.9686207989230752,-0.002076810190192191,0.025229241349734366,0.8948458244325593,18,36864,306.9712032,1179648
29.97,-0.21834114999999998,3877,0.0022207267114110556,0.01840801239013672,0.9390948474407196,-0.0020992037432733925,0.02648097533383407,0.8884962641401216,19,38912,323.87372999999997,1245184
77.23,-14.344295580000002,3883,0.002244595847047921,0.019057273864746094,0.9118011707440019,-0.002098295097312075,0.025219053257023914,0.8896868858952075,20,40960,340.7514349,1310720
42.28,1.2751499999999996,3891,0.002221631307859172,0.01887226104736328,0.8839269345626235,-0.0021612550728605127,0.025170629349304363,0.8820295677520334,21,43008,357.5932026,1376256
56.0,3.0723802900000017,3889,0.0023397454019295086,0.01967906951904297,0.854008038341999,-0.002206393435335485,0.022235393099253997,0.8882135357474908,22,45056,374.44541219999996,1441792
62.63,1.7297842199999984,3894,0.0022480970832874413,0.018295478820800782,0.8218010583892464,-0.0021509290436370065,0.022329433960840105,0.8772999779088423,23,47104,391.2740512,1507328
49.45,12.579794970000002,3884,0.0021946893359845216,0.018147087097167967,0.7911911631003022,-0.0021984167735354275,0.020672078733332454,0.8706958690891042,24,49152,408.1464198,1572864
45.66,14.79497341,3888,0.0022181207100042443,0.01845550537109375,0.7618563825264573,-0.0021958509230898928,0.020835041481768714,0.8600440808571875,25,51200,425.0018576,1638400
70.54,15.01069708,3892,0.0021063654909524543,0.017079925537109374,0.7340855197981,-0.002072165178924479,0.020840413169935346,0.8403903605882078,26,53248,441.8395991,1703936
64.73,12.859520419999999,3891,0.0021187481963324344,0.017270851135253906,0.7073619036003947,-0.002048410129646072,0.019971498008817434,0.8240173474885524,27,55296,458.68068239999997,1769472
65.12,23.937308820000002,3912,0.0023653405253474596,0.020223617553710938,0.6806109746918082,-0.002216466196114197,0.021779346524272113,0.8029219392221421,28,57344,475.4303983,1835008
117.54,25.368221570000006,3888,0.002171741814530539,0.018002128601074217,0.6542605353519321,-0.0021921703577390873,0.016588569933082907,0.817328221583739,29,59392,492.2834921,1900544
124.16,34.85031128,3876,0.002354460445663371,0.019883155822753906,0.6257627381011843,-0.002267892233794555,0.019641955965198576,0.7899301414843649,30,61440,509.19189190000003,1966080
111.06,41.423895929999986,3910,0.002304689252636092,0.019067764282226562,0.5977611569687724,-0.002256997432778007,0.021535110217519103,0.7715407927520573,31,63488,525.9512246,2031616
143.6,54.30985787999999,3915,0.002309611010325341,0.019508743286132814,0.5708695534616709,-0.002349500036507379,0.019447576586389913,0.7624499646015466,32,65536,542.6893235,2097152
138.51,60.524989639999994,3908,0.0021601883232814263,0.017974281311035158,0.5456986023113132,-0.0021953267827484525,0.020630635018460453,0.7475120853167028,33,67584,559.4563838,2162688
137.94,69.3035949,3913,0.002094333757170698,0.017218589782714844,0.5213835069909691,-0.002141246480459813,0.023352461808826774,0.7272307686042041,34,69632,576.2038364,2228224
166.14,87.47777412,3901,0.0022204448833846877,0.0185394287109375,0.4965916208922863,-0.002249608143392834,0.021146841207519175,0.7285164942033588,35,71680,593.0039442000001,2293760
172.69,98.50086401,3914,0.002250030036588238,0.019197845458984376,0.4728596311993897,-0.0022170313607603022,0.023914300551405178,0.729730780981481,36,73728,609.7486651,2359296
193.31,110.77914278,3911,0.0022272956291884667,0.01903228759765625,0.449791806563735,-0.002277082761793281,0.023372116970131175,0.721542833186686,37,75776,626.5049025000001,2424832
247.08,133.72683419999998,3919,0.002170586117853825,0.018382835388183593,0.4270365097559988,-0.0022977897824603133,0.02349475569790229,0.7124120559543371,38,77824,643.2251116,2490368
239.66,162.06467506,3906,0.002302558995973032,0.019290924072265625,0.40152269750833514,-0.002347580109199043,0.024024399067275225,0.7109956646803767,39,79872,660.0035259,2555904
239.9,159.34784804000003,3893,0.0022050003254057275,0.01895771026611328,0.3792330746538937,-0.002326535792599316,0.026359121355926617,0.7154110884759575,40,81920,676.8355072,2621440
306.81,195.04327761000005,3909,0.0023133234083673516,0.020383834838867188,0.35968221379444004,-0.00236497173391399,0.021239384723594414,0.720823303796351,41,83968,693.6011162,2686976
278.44,200.46858591999998,3922,0.002125139806481587,0.017939949035644533,0.34081691028550265,-0.002245379666055669,0.025519300741143523,0.7287811931688338,42,86016,710.3120065,2752512
321.31,251.93749261000002,3908,0.002281042536802744,0.019887351989746095,0.3216970871202648,-0.002280144775068038,0.026242795924190432,0.745863415952772,43,88064,727.0792254,2818048
352.46,277.76566658,3928,0.0024366037857500708,0.021648979187011717,0.29984605303034184,-0.0024634496765429505,0.027357966086128727,0.7587258473969996,44,90112,743.7630137,2883584
348.51,303.43018155000004,3924,0.0024233535652576515,0.022057342529296874,0.28057624446228147,-0.0023785372417478357,0.02961353857535869,0.7659587096888572,45,92160,760.4628021000001,2949120
413.61,362.70319039000003,3923,0.002413876320876955,0.021655845642089843,0.26314115850254893,-0.002442801853976562,0.029047187755350024,0.7774520280770958,46,94208,777.1663633000001,3014656
400.82,403.71679402,3925,0.0023522224033386253,0.020623207092285156,0.2440571897663176,-0.002354238178668311,0.032173431769479066,0.7741841843817383,47,96256,793.8634232,3080192
404.02,424.25252522000005,3936,0.002470379054414628,0.022444725036621094,0.22613516729325056,-0.0024024145292059983,0.032330484897829595,0.7862354516517371,48,98304,810.5120507,3145728
532.01,520.7119514000001,3928,0.0024304215919013607,0.022072982788085938,0.21148857991211117,-0.0024401488288276598,0.026189293497009204,0.8430331178475171,49,100352,827.1954562000001,3211264
565.86,628.0422380399999,3918,0.0024749914340259083,0.022292327880859376,0.19401843762025237,-0.002400459464479354,0.0293383420095779,0.8270778219215572,50,102400,843.9196395,3276800
597.65,702.4587441100001,3924,0.0025483399574222844,0.02341938018798828,0.17631473052315413,-0.0024171641969587656,0.02985471854917705,0.8238835602998733,51,104448,860.6203233,3342336
548.31,704.7114192499998,3925,0.0024961163078961344,0.023307609558105468,0.1598952343687415,-0.002380839843681315,0.03360590141383,0.8042596578132362,52,106496,877.3161690000001,3407872
638.75,800.0181055,3924,0.0025644406713923786,0.023896217346191406,0.14527337867766618,-0.0023266374886588893,0.031341413414338604,0.8267829344142228,53,108544,894.0160165000001,3473408
653.16,840.7372075700004,3932,0.0025147705629946903,0.023479270935058593,0.13062521354295314,-0.0022831929418316577,0.029053572105476634,0.8380758163984865,54,110592,910.6803917000001,3538944
671.83,975.77933051,3938,0.0025792698164472556,0.024322319030761718,0.11703188945539296,-0.002417757134389831,0.031720329099334775,0.7661570452153683,55,112640,927.3194285000001,3604480
653.69,955.83152102,3948,0.0025994579783742765,0.0246795654296875,0.10266831731423735,-0.0024254346113593782,0.033482581726275384,0.8215486564207822,56,114688,943.9166962,3670016
654.55,933.4038256900001,3950,0.0025724695948098836,0.023831748962402345,0.08836768814362586,-0.002375642469996819,0.031367924000369383,0.8484876717207953,57,116736,960.5064141,3735552
621.78,988.6770858199998,3945,0.002708314598875921,0.026095771789550783,0.07510786647908389,-0.002339569085597759,0.03675126843736507,0.8054010985884815,58,118784,977.1164903,3801088
604.11,1013.8632028200002,3926,0.0025595636700696104,0.023752784729003905,0.06169096701778472,-0.0022596468370466027,0.03745603522402234,0.7617992480285466,59,120832,993.8079164000001,3866624
653.53,1132.34086639,3955,0.002720454792025007,0.026031303405761718,0.04732023226097226,-0.0022994896877207792,0.03437860012054443,0.7638248936738818,60,122880,1010.3792362,3932160
670.11,1171.1830965999998,3947,0.0026936703492137877,0.025559043884277342,0.03276402768678963,-0.0023097856683307327,0.03506435920135118,0.787936985027045,61,124928,1026.9844567999999,3997696
713.91,1309.89125088,3929,0.0026115680909506813,0.024570465087890625,0.019091477198526264,-0.002278119863331085,0.035648003831738606,0.7665262334980071,62,126976,1043.6621728,4063232
780.42,1400.5470790099998,3960,0.0029073334344141516,0.028490829467773437,0.004533948283642531,-0.0024025948034250176,0.031281692814081906,0.8559271344449371,63,129024,1060.2111482,4128768
731.16,1409.1663325700001,3953,0.002688607146462511,0.026050376892089843,-0.009886785829439759,-0.0022708841832354667,0.03499386680778116,0.7930662747938186,64,131072,1076.7881863,4194304
731.67,1459.32132469,3953,0.002922179361567752,0.029105186462402344,-0.022666788939386607,-0.0022949684149352833,0.03478815495036543,0.7773181329481303,65,133120,1093.3648064,4259840
705.86,1390.6586910299998,3958,0.002933771265557327,0.02933216094970703,-0.03400534223765135,-0.0023848133783758384,0.035224861261667684,0.8591782845091075,66,135168,1109.9234881,4325376
780.13,1592.9201214400005,3945,0.002840936776987646,0.027951431274414063,-0.044179400661960244,-0.0023584143990774465,0.03209231677465141,0.8399148534052074,67,137216,1126.5344748999999,4390912
713.99,1541.2467149499998,3944,0.0029884979213908964,0.029868125915527344,-0.05500205676071346,-0.0023228368045238312,0.0382835598080419,0.7901056467089802,68,139264,1143.1483653999999,4456448
710.92,1563.0199171300003,3963,0.0028792231203981305,0.028750228881835937,-0.06254412494599819,-0.002163030524388887,0.03648304754751734,0.7874150674324483,69,141312,1159.6861069,4521984
688.98,1600.3277010400002,3935,0.0028449733383565465,0.027794265747070314,-0.07224345868453383,-0.0023636760601220886,0.03932442534132861,0.7191337634809315,70,143360,1176.3396701,4587520
778.26,1775.8018781700002,3948,0.0029226489983082875,0.02892608642578125,-0.08344445382244885,-0.0022204290853551356,0.03435102765215561,0.8205696400487795,71,145408,1192.9367771999998,4653056
795.09,1776.1665407499997,3955,0.0029227469618897137,0.02878284454345703,-0.0952064750250429,-0.002343707045292831,0.03284069931250997,0.8716873159166425,72,147456,1209.5055353999999,4718592
831.82,1968.6677558600004,3965,0.0027829626330605674,0.02714824676513672,-0.10572651256807149,-0.0022100602196587714,0.035366951749892905,0.7708220782224089,73,149504,1226.0340537999998,4784128
786.03,1908.9536389199995,3962,0.0029324337501536847,0.029294776916503906,-0.11625586240552366,-0.0022919343418834615,0.03607935614418238,0.8086305549833923,74,151552,1242.5725421999998,4849664
765.99,1870.9130064799997,3956,0.003000911648520895,0.029718589782714844,-0.1287278426811099,-0.002264202463811671,0.035105593083426354,0.8473629833431915,75,153600,1259.1376894999999,4915200
767.32,1965.7403502000002,3947,0.002886800643924153,0.02889842987060547,-0.13954260176979005,-0.0022493098469567483,0.03612039776635356,0.8321960693923757,76,155648,1275.7402817,4980736
761.65,1869.8739812699998,3955,0.0030336596663710865,0.03046073913574219,-0.1492638817988336,-0.0024186005790397757,0.03261220518033951,0.8818741213297472,77,157696,1292.3118835,5046272
762.6,1997.04646531,3971,0.0031558685033820444,0.03314781188964844,-0.15823198603466154,-0.002335837912323768,0.036397796886740254,0.8248191800434143,78,159744,1308.8136264999998,5111808
813.11,2176.6804085400004,3959,0.0030302077286171345,0.030880546569824217,-0.1669383636210114,-0.002236429852928268,0.03188265680219047,0.8456427257973701,79,161792,1325.3663752999998,5177344
812.41,2192.10154897,3975,0.0027808649662708347,0.027300453186035155,-0.176011612592265,-0.0020388505425216865,0.03545268475427292,0.8156676229089499,80,163840,1341.8506229,5242880
868.87,2441.6363772100003,3964,0.0031299662442805646,0.031879425048828125,-0.18606283133849502,-0.002340529593129759,0.032512962655164304,0.849930455069989,81,165888,1358.3834083,5308416
811.82,2260.87945296,3970,0.003050183928924756,0.03103351593017578,-0.19387540486641228,-0.002242491715878714,0.03597033058176748,0.8160751112736762,82,167936,1374.8893127,5373952
852.65,2428.5760147000005,3968,0.003060480683060496,0.03075714111328125,-0.20288965669460596,-0.002086291622981662,0.03220655897748657,0.8229286404093727,83,169984,1391.4049294,5439488
861.7,2604.84764412,3974,0.003017027537662177,0.02996234893798828,-0.21320914272218944,-0.002050512613641331,0.03352928941021673,0.7145887984428555,84,172032,1407.8935910999999,5505024
853.73,2549.2582853599997,3973,0.003129947202218613,0.0318328857421875,-0.22383120064623654,-0.0021960661324555986,0.03370972209959291,0.8484520960366353,85,174080,1424.3881465,5570560
902.48,2680.76268954,3973,0.003141448009869905,0.03207740783691406,-0.23289808258414268,-0.0021906722482526674,0.0328923263004981,0.82653563125059,86,176128,1440.8844328,5636096
860.21,2593.48202477,3969,0.003171859742604506,0.03241806030273438,-0.24238186865113676,-0.0022716556890372886,0.03145361173665151,0.8850864930311217,87,178176,1457.3936830999999,5701632
872.68,2746.6010596,3977,0.0030515080300093774,0.030823135375976564,-0.2519856379367411,-0.0021190455656324046,0.03282762027811259,0.7744321333710105,88,180224,1473.8730941,5767168
878.66,2780.4325392499995,3959,0.003134220512444516,0.03203144073486328,-0.2617362732067704,-0.002132052496745018,0.033214383519953115,0.8502661208622158,89,182272,1490.4255288,5832704
911.65,2958.230069580001,3957,0.0031244726599640926,0.03186740875244141,-0.2718390294350684,-0.0019785592696280217,0.032174489856697616,0.7976103475084528,90,184320,1506.9858153999999,5898240
881.39,2880.72478225,3969,0.0032498716535076188,0.033528900146484374,-0.2807438449934125,-0.0021134106347744817,0.0343874696874991,0.8179299239302054,91,186368,1523.4977847999999,5963776
906.67,2926.5401899400003,3960,0.0031853043730126207,0.03244495391845703,-0.2893542110919952,-0.002048474064213224,0.030823767930269242,0.8560448674252257,92,188416,1540.0483792999999,6029312
871.25,2910.8262126600002,3960,0.0032741379442032406,0.03443965911865234,-0.29727009031921625,-0.002125218363653403,0.03417604502756148,0.8444994204677642,93,190464,1556.5949595999998,6094848
913.59,3128.4618817499995,3960,0.0031072893620599134,0.031748390197753905,-0.30433968612924217,-0.0020039919385453687,0.0327127471100539,0.8448196782497689,94,192512,1573.1440463,6160384
918.16,3143.18581839,3962,0.00347033448597034,0.03623771667480469,-0.3150476854294538,-0.002006566516502062,0.029715375241357832,0.812199294148013,95,194560,1589.6844104,6225920
860.17,3016.8061806299997,3963,0.0031760356377663135,0.03311500549316406,-0.321156803611666,-0.0019515541127475445,0.03282591404858977,0.7999419216066599,96,196608,1606.221309,6291456
851.53,2960.86433741,3965,0.0030358825603538754,0.030656051635742188,-0.3281002212315798,-0.002007207715359982,0.03405250367941335,0.8394223702605814,97,198656,1622.7477265,6356992
807.88,2866.613238029999,3974,0.0033214103750903536,0.03419971466064453,-0.3385222719050944,-0.0021177281683776527,0.03409049735637382,0.8400889392010867,98,200704,1639.2363959,6422528
870.03,3168.98742629,3965,0.0032093767197540366,0.03306922912597656,-0.34837861014530064,-0.001863030585082015,0.03524951601866633,0.731767216231674,99,202752,1655.7630901,6488064
921.7,3333.35040361,3968,0.0034390832045804814,0.036438369750976564,-0.35458492366597055,-0.0020343639815109784,0.029330938385101035,0.8827746770577505,100,204800,1672.2791641,6553600
907.5,3151.17720287,3973,0.003458105787008812,0.036023712158203124,-0.360576350055635,-0.0021001319491915638,0.029824969969922677,0.8607129048556089,101,206848,1688.7733610999999,6619136
966.13,3538.6949898099997,3958,0.0033793825043115745,0.036054229736328124,-0.3663298851810396,-0.002125456355861388,0.029905383818550034,0.8491992663126439,102,208896,1705.3311327,6684672
904.93,3234.5691456099994,3957,0.0032786079203166404,0.034285545349121094,-0.37071840511634946,-0.0020169702846033035,0.03064769276534207,0.8432363087078556,103,210944,1721.8911805,6750208
918.48,3432.6342017000006,3956,0.0034660152875798044,0.037195587158203126,-0.3761387748643756,-0.0020509769525233422,0.029096912720706313,0.8124966196715832,104,212992,1738.4554778,6815744
962.19,3603.4854838199994,3964,0.003393554589509415,0.036231040954589844,-0.3807017082348466,-0.001848875765244884,0.029313498531701045,0.7696011085994542,105,215040,1754.9872344,6881280
925.25,3483.4882321299997,3981,0.003490804594739302,0.036740684509277345,-0.38761615138500927,-0.0020217130517266924,0.029503281554207207,0.7790667461697012,106,217088,1771.4497248999999,6946816
922.76,3530.5052190900005,3966,0.003397260804375793,0.03524627685546875,-0.39635644452646374,-0.0021737451155786403,0.02997943071532063,0.8103318628389389,107,219136,1787.9719825999998,7012352
898.06,3413.6796881699993,3968,0.003240757110848264,0.033692550659179685,-0.40333098070695994,-0.001997418857718003,0.03048761626123451,0.7745434890966862,108,221184,1804.4851214999999,7077888
924.2,3536.9255542,3974,0.003520995684106171,0.037647056579589847,-0.4091062986291945,-0.002089863394940039,0.029480527137639,0.8366154626943171,109,223232,1820.9756542999999,7143424
916.91,3450.4942246000005,3679,0.003474798122222833,0.037108230590820315,-0.41487661451101304,-0.0021825672840350306,0.029479810473276302,0.8472838509595022,110,225280,1838.789112,7208960
947.03,3710.5340668799995,3661,0.0033704742170695147,0.03546409606933594,-0.4192592056468129,-0.002045923503465019,0.02905336837284267,0.8021950254682452,111,227328,1856.688483,7274496
942.06,3657.55359559,3908,0.0030864503344322477,0.031335639953613284,-0.4231678440235555,-0.001970633558812551,0.02814692973624915,0.8393520948011428,112,229376,1873.4585448999999,7340032
900.21,3563.7340191099997,3867,0.0032884315684942626,0.034686279296875,-0.4256356521509588,-0.0020289079860958737,0.03052163463435136,0.7387736259028316,113,231424,1890.4036323,7405568
917.12,3632.3067362600004,3834,0.003305604499054859,0.034333229064941406,-0.4331168230623007,-0.0018896961235441267,0.028640030056703836,0.8084979625418782,114,233472,1907.4965481,7471104
900.74,3549.4059908699996,3846,0.00338786187161202,0.03523406982421875,-0.44151297248899934,-0.0020305197896959724,0.027557633444666864,0.8286467273021116,115,235520,1924.5343642999999,7536640
903.2,3608.0801714100003,3853,0.003388935515944933,0.03521175384521484,-0.4467011533677578,-0.0020906983110762665,0.029498282982967795,0.8317440791521221,116,237568,1941.5406991,7602176
880.82,3492.52945648,3925,0.003341968101370852,0.034852790832519534,-0.45206397380679847,-0.0020899032126180826,0.028911603894084693,0.8762507925741374,117,239616,1958.2353211,7667712
943.15,3832.4586776499996,3974,0.003390748844204416,0.03553619384765625,-0.4575946116819978,-0.0020580703145242295,0.029194339824607597,0.6236088686157018,118,241664,1974.7259173,7733248
934.36,3909.0067609,3965,0.003345621089818397,0.03477210998535156,-0.4645146139897406,-0.0019197957779397256,0.029033610079204665,0.691581565560773,119,243712,1991.2526315999999,7798784
919.05,3883.45884856,3906,0.003206864113292083,0.03342113494873047,-0.47143879840150477,-0.0018631947335961741,0.028099383489461616,0.5056676147505641,120,245760,2008.0292428999999,7864320
936.78,3943.61333076,3869,0.0033872140698453642,0.036150360107421876,-0.476170046441257,-0.002007569065244752,0.02822946950327605,0.6483029193710536,121,247808,2024.9659718,7929856
958.89,4070.94812361,3739,0.0033134469773107023,0.03504924774169922,-0.47961077503859995,-0.00187487988077919,0.02929881582967937,0.6280696196947246,122,249856,2042.4927397,7995392
979.6,4129.005700490001,3681,0.003340553946487028,0.03534622192382812,-0.48456168519333004,-0.0018537903095420915,0.02767032877309248,0.7063882121350616,123,251904,2060.2945362,8060928
965.98,4119.82988212,3790,0.0033505746243872947,0.03565788269042969,-0.4907825726084411,-0.0018928035577118862,0.02779087852104567,0.775976583501324,124,253952,2077.5864207,8126464
963.12,4043.686391939999,3737,0.0034725510346437782,0.0364105224609375,-0.4956694060005248,-0.0020660391317505857,0.02776175468461588,0.7931275952374562,125,256000,2095.1239052,8192000
975.11,4159.0035961,3694,0.0032083954685181897,0.033416366577148436,-0.5025577492080628,-0.0018743305852694902,0.027147949603386224,0.7251656617037952,126,258048,2112.8650841000003,8257536
955.83,4068.73659816,3764,0.0035390611192484015,0.037774848937988284,-0.5080794919282198,-0.0020907736558001488,0.027899568190332503,0.8066840681014582,127,260096,2130.2751834,8323072
900.69,3850.0834963600005,3838,0.003618826057044561,0.03906459808349609,-0.5131737621501088,-0.001988054242247017,0.029165944457054137,0.6441591068170964,128,262144,2147.3490843,8388608
936.23,4126.965565130001,3737,0.0034020825295610806,0.03616352081298828,-0.5178637152537704,-0.0018500765148928623,0.02670599429984577,0.48459161780774596,129,264192,2164.8857805000002,8454144
933.18,4150.55481696,3618,0.003593632339988562,0.03872737884521484,-0.5233315698802471,-0.0019177063746610656,0.030140687106177212,0.5456802410073578,130,266240,2183.0002776,8519680
891.55,3872.0340222299997,3889,0.003318391440894208,0.034390830993652345,-0.5289482800289989,-0.002004960488739016,0.028455355524783954,0.7921459643635899,131,268288,2199.8496568,8585216
929.05,4075.7454392000004,3892,0.003401719096080117,0.035933303833007815,-0.5339402418583632,-0.001931800667080097,0.027494434645632282,0.7094075121916831,132,270336,2216.688242,8650752
920.23,4060.1911531900005,3880,0.0035912516310110413,0.03819351196289063,-0.5403454754501581,-0.001994601355181658,0.027916169169475324,0.4749127429910004,133,272384,2233.5761683,8716288
963.69,4289.76616397,3870,0.0035306125709892375,0.037796401977539064,-0.5471542932093143,-0.002054997747836751,0.027309909419273026,0.7154300318099558,134,274432,2250.5074179000003,8781824
949.98,4223.676108709999,3886,0.003518879178866097,0.03774318695068359,-0.552373144775629,-0.002020931928564096,0.027501332882093266,0.6746873702388256,135,276480,2267.3724317,8847360
928.38,4169.42815383,3879,0.0035365341991939734,0.03785972595214844,-0.5574009697884321,-0.0019085076510236831,0.027068772900383918,0.624936378840357,136,278528,2284.2662872,8912896
908.46,3988.7899522199987,3868,0.003600935981243063,0.03779888153076172,-0.5609604820609093,-0.0019740527412068333,0.026177779264980928,0.8325322529301047,137,280576,2301.2096052,8978432
904.06,3972.610970020001,3837,0.0034109274544496873,0.036123466491699216,-0.5657627586275339,-0.0018954871949972585,0.02672818576102145,0.489171727001667,138,282624,2318.2873258,9043968
968.4,4395.718784930001,3885,0.003255904342081656,0.034511375427246097,-0.5688535891473293,-0.0019031311199796618,0.02623253602650948,0.6843747463542968,139,284672,2335.1563653000003,9109504
950.27,4350.301623040001,3875,0.0033453045642891878,0.03558979034423828,-0.5719146145507693,-0.0019896677455108146,0.02881862801150419,0.5740274483337998,140,286720,2352.0662485000003,9175040
922.95,4145.77842738,3880,0.003471827304783505,0.03663349151611328,-0.576355685852468,-0.002100338746095076,0.026276067915023304,0.7981150122825056,141,288768,2368.9579878,9240576
927.26,4128.405551309999,3886,0.003578049036133854,0.03856163024902344,-0.5799654277041555,-0.002011102238611784,0.026247951175901108,0.770583905884996,142,290816,2385.8199666,9306112
955.23,4337.99696539,3882,0.003523827515215882,0.037654685974121097,-0.5837559035047889,-0.0019874545931088507,0.026464778027730063,0.660613965569064,143,292864,2402.7006917000003,9371648
931.27,4207.99648654,3873,0.0034529485559672045,0.03681869506835937,-0.5867874810472131,-0.001982734958437504,0.02675321275019087,0.7011326593346894,144,294912,2419.6208753,9437184
922.48,4209.08819639,3826,0.003647305622352391,0.03923168182373047,-0.591599608771503,-0.0019518238907039632,0.02720297983032651,0.6750443852506578,145,296960,2436.7472454000003,9502720
925.6,4149.882442489999,3903,0.0033393328155716913,0.03465290069580078,-0.5976215140894056,-0.001946275668706221,0.026365200558211656,0.7706197817111388,146,299008,2453.5383212,9568256
931.87,4206.33686758,3837,0.0037345879372799777,0.04091014862060547,-0.602694946154952,-0.0019433899245996145,0.026108191517414524,0.7719055175315589,147,301056,2470.6178995,9633792
947.27,4334.169874100001,3772,0.0036704996931489348,0.03987274169921875,-0.6077258145436645,-0.0017596005469386,0.02733668634900823,0.6223412664141506,148,303104,2487.9910876000004,9699328
961.09,4346.98601819,3856,0.003482503273278938,0.03702850341796875,-0.6135120367631316,-0.0019796322754700667,0.025992551134550013,0.8076889283023775,149,305152,2504.9855793,9764864
962.6,4399.420723329999,3861,0.0033941822825404146,0.03585109710693359,-0.6160585129633546,-0.0018386176496278494,0.025195151485968383,0.7899278778582811,150,307200,2521.9604458000003,9830400
926.28,4253.440084240001,3849,0.00358739821034595,0.038622474670410155,-0.6175918301567436,-0.0020291203938541,0.026386360434116796,0.7552278299815953,151,309248,2538.9841453000004,9895936
930.62,4323.69412191,3874,0.0033194254634757057,0.03492183685302734,-0.6220659758895636,-0.0018361517242738046,0.02718205595447216,0.3131349079310894,152,311296,2555.9020219000004,9961472
967.13,4568.16982564,3957,0.003415496395817931,0.036260986328125,-0.6270853837952017,-0.0019641154147393538,0.025975220510736106,0.5549542393535376,153,313344,2572.4648817,10027008
963.89,4519.22223837,3908,0.003598736540268195,0.038466262817382815,-0.6301963595673442,-0.0020840584045799916,0.026030811498640106,0.7536545139271766,154,315392,2589.2324848000003,10092544
945.77,4434.3541223,3884,0.003387982074423898,0.03593368530273437,-0.6333815392106772,-0.0018512081223889254,0.027331784379202872,0.6916976772248745,155,317440,2606.1064449,10158080
967.08,4567.9633173699995,3855,0.0033963115970712986,0.035537338256835936,-0.6379139380529523,-0.0020001355318527204,0.02534298272221349,0.6346565721090883,156,319488,2623.1056275,10223616
944.68,4505.9203235800005,3855,0.0033451106946407933,0.03462963104248047,-0.642764063924551,-0.0018817354844941291,0.026745554979424924,0.5909287548623979,157,321536,2640.1058676000002,10289152
931.75,4417.7526476699995,3872,0.0034195861044593935,0.03634567260742187,-0.647224635258317,-0.0019055757935348082,0.025761756298015824,0.7624170572496951,158,323584,2657.7352795,10354688
942.33,4341.58026501,3927,0.0034820724834140728,0.03700447082519531,-0.6523319657891988,-0.00199079117137444,0.02656107769580558,0.8054651039885357,159,325632,2674.4232888,10420224
961.04,4574.420903069999,3925,0.003552930645647443,0.038067054748535153,-0.6580552432686091,-0.002004944697182509,0.02558883874444291,0.66134022930637,160,327680,2691.1181377000003,10485760
927.72,4466.752014889999,3960,0.0035735436276929807,0.038141632080078126,-0.6652601579204201,-0.0019182628333510366,0.027675493579590694,0.4652672057040036,161,329728,2707.6654035,10551296
967.37,4598.81112572,3946,0.0035336026480443593,0.038016319274902344,-0.6700386121869087,-0.0020213131945638453,0.024952416835003533,0.759724470647052,162,331776,2724.2736953000003,10616832
926.37,4408.15887572,3969,0.003592023153627358,0.03808269500732422,-0.6738451391458511,-0.0019081569746049354,0.027108360145939515,0.6946627033874393,163,333824,2740.7865707,10682368
900.77,4387.660724860001,3950,0.0034454430947797226,0.03714141845703125,-0.6766873724758625,-0.0018856107191822958,0.02768194886157289,0.5047562005929649,164,335872,2757.3791290000004,10747904
929.18,4511.90367965,3808,0.003470461909719097,0.03641796112060547,-0.678713732585311,-0.0019356230754056015,0.028049319965066388,0.5828401600942016,165,337920,2774.5871781,10813440
917.56,4375.121212369999,3925,0.0034728336691280627,0.036772537231445315,-0.6801448555663228,-0.0019311735279188725,0.02477864552056417,0.799935848871246,166,339968,2791.2835242,10878976
919.43,4431.46853351,3963,0.003796961542574481,0.04111061096191406,-0.6850031368434429,-0.001997942324305768,0.026246199320303275,0.7429242883808911,167,342016,2807.8198742,10944512
925.41,4485.34679361,3789,0.003609762550480194,0.03858928680419922,-0.692559563741088,-0.0020535246356303107,0.02652785982936621,0.5819617138244212,168,344064,2825.1160426,11010048
960.97,4700.43643496,3733,0.0035595143045406437,0.03775634765625,-0.6966801272705198,-0.0019648760582640533,0.02571762374136597,0.6461656955070794,169,346112,2842.6706296,11075584
972.05,4783.046363879999,3716,0.0034473968827747844,0.03696384429931641,-0.6992711668834091,-0.001824103148010181,0.027267203980591147,0.40772875798866154,170,348160,2860.305819,11141120
976.1,4734.20593486,3749,0.003374401969893718,0.035927200317382814,-0.700732595473528,-0.001962789120443631,0.026310030673630535,0.8049166071461513,171,350208,2877.7870878000003,11206656
930.26,4446.12889086,3708,0.0035831021819995286,0.038634872436523436,-0.7028007946908474,-0.0019932413000788075,0.02696822995203547,0.7263095246162266,172,352256,2895.4595083,11272192
955.53,4664.52813169,3852,0.0035039875152002805,0.036865234375,-0.7075700098648667,-0.0018563109970273217,0.025399358384311198,0.7093211133033037,173,354304,2912.470155,11337728
965.16,4729.94695263,3876,0.003504876292245108,0.037199211120605466,-0.7125782363116742,-0.0018734305958787445,0.026021364104235545,0.6385217334609479,174,356352,2929.3777752,11403264
936.14,4627.94084695,3861,0.0036225807485075236,0.039277076721191406,-0.7170029230415821,-0.001754214683751343,0.026900816085981206,0.4532676741480827,175,358400,2946.3502712,11468800
958.63,4712.9639735499995,3787,0.0036397650487281622,0.03896465301513672,-0.7199087778106332,-0.0018820889134076424,0.02632363328593783,0.7440965818706899,176,360448,2963.6528013,11534336
959.34,4696.19305142,3720,0.003565702527138473,0.03778209686279297,-0.7224185820668936,-0.0018544747803389328,0.02780553405173123,0.7263815697282553,177,362496,2981.2710167,11599872
933.65,4600.52355412,3783,0.0035617307215894756,0.037688255310058594,-0.725050650537014,-0.0019256598570791539,0.025846160209039227,0.7374007755890488,178,364544,2998.5945412,11665408
964.24,4735.11888189,3706,0.0034289756030156313,0.03652057647705078,-0.7280710704624653,-0.0019955288869823564,0.02659352637710981,0.7198582800570875,179,366592,3016.2768287000004,11730944
945.52,4645.9899397300005,3843,0.0034873804148049885,0.036543655395507815,-0.7321257352828979,-0.002025010995566845,0.026462476869346573,0.7364023927133531,180,368640,3033.3281235,11796480
962.54,4727.626487470001,3817,0.003486954601782407,0.03731403350830078,-0.7344210153445602,-0.0019098633612884442,0.026814074162393807,0.643407830176875,181,370688,3050.4964862,11862016
968.14,4772.109763449999,3851,0.00342906067260896,0.03576793670654297,-0.7369240259751677,-0.0018955799270770513,0.025209885754156856,0.798462247545831,182,372736,3067.5126752,11927552
967.0,4739.50265757,3833,0.0032253757382898008,0.033701324462890626,-0.7400636892765761,-0.0018698358238907532,0.025629788119113074,0.7603800550568849,183,374784,3084.6100500000002,11993088
945.99,4557.498456159999,3845,0.003905892042670582,0.042616081237792966,-0.7434802457690239,-0.00216909922164632,0.025057340718922204,0.8413420001743361,184,376832,3101.6556705000003,12058624
955.54,4746.301432820001,3863,0.0036489861900386505,0.03921985626220703,-0.7488949777558446,-0.0019398509084567195,0.025991026702104136,0.5799370377324522,185,378880,3118.6177024000003,12124160
968.29,4797.629409329999,3854,0.003466112978430626,0.03641071319580078,-0.7530733341351151,-0.0019272138495580293,0.025715596287045627,0.7858234820887446,186,380928,3135.6221811,12189696
980.8,4887.733221630001,3807,0.003451226331740427,0.036939811706542966,-0.7558394890278578,-0.0018929037996713305,0.025753760134102778,0.5138945668004453,187,382976,3152.8345402,12255232
974.69,4917.67724298,3718,0.0036596348279383253,0.03927936553955078,-0.7586244147270917,-0.0017241531306353864,0.02695937840035185,0.5649081339128316,188,385024,3170.4619735,12320768
980.91,4986.92233182,3771,0.0037791982716593175,0.040710830688476564,-0.7605181552469731,-0.002106119774543913,0.026462383969919755,0.43135452158749105,189,387072,3187.8399571,12386304
936.21,4735.74380019,3818,0.0034148003470116503,0.03567848205566406,-0.763505726866424,-0.00208089600855601,0.027465669478988274,0.6915120316669345,190,389120,3205.0046471,12451840
953.87,4709.77697835,3801,0.0036187610316298856,0.03846054077148438,-0.7691244723275303,-0.001965127526273136,0.024036266485927625,0.8276426159311085,191,391168,3222.2437235,12517376
930.31,4612.042208310001,3715,0.0036112445146367148,0.038919258117675784,-0.7717293165624142,-0.0018646722281118854,0.02804718677653,0.6965538984164595,192,393216,3239.8826572000003,12582912
928.75,4711.967929980001,3654,0.003331117238661284,0.035116386413574216,-0.7745525484904647,-0.0017947072810784448,0.027135750744491816,0.16747256852686404,193,395264,3257.8149253,12648448
947.78,4819.92972294,3839,0.003317046171033633,0.03539066314697266,-0.7787959113717079,-0.0018857872189983027,0.026470054441597314,0.6257506340742112,194,397312,3274.8847937,12713984
971.77,4893.735076840001,3857,0.0034702684132506753,0.03632373809814453,-0.7812881264835596,-0.0018582591408630833,0.02568048224784434,0.7153099106624723,195,399360,3291.875791,12779520
925.64,4681.31491601,3831,0.003714455094795892,0.039859962463378903,-0.7847017750144005,-0.0021214263386355016,0.02729946269537322,0.6460789877455682,196,401408,3308.9832365,12845056
915.64,4702.02929571,3684,0.003274000227431108,0.03427066802978516,-0.7872496917843819,-0.0018722922955930698,0.027002325595822184,0.19731329027563332,197,403456,3326.7705198000003,12910592
943.41,4872.90007622,3811,0.003517743538722795,0.037703514099121094,-0.7903465455397963,-0.0019059944137552521,0.02732234599534422,0.5065977989695967,198,405504,3343.9668413,12976128
975.24,4889.58646095,3844,0.0035102155907319786,0.037392044067382814,-0.7932062456384301,-0.0019976238636445487,0.025294334304635412,0.7635471129789948,199,407552,3361.0134776,13041664
957.91,4876.09257389,3860,0.0032985202003206386,0.03485374450683594,-0.7942002227529883,-0.0017808427412091988,0.027560363948578016,0.4153562975116074,200,409600,3377.9921908,13107200
945.34,4836.552489199999,3855,0.003648569640621218,0.039830780029296874,-0.7945026580244303,-0.001779297627217602,0.026425147865666077,0.7167007047683001,201,411648,3394.9933388,13172736
964.32,4915.4595369,3849,0.0034861606167135933,0.03701915740966797,-0.796160876005888,-0.0019748773833271117,0.025451013626297935,0.7211729386821389,202,413696,3412.0178196,13238272
935.26,4794.393809939999,3867,0.0033132108570053673,0.034666252136230466,-0.8003994246944786,-0.0018464668362867087,0.02734110617893748,0.5606761124916375,203,415744,3428.9663749,13303808
974.59,5043.367280959999,3815,0.0035657601362212763,0.03822650909423828,-0.8043928798288107,-0.001782897301745834,0.025441833812510594,0.5827753003686666,204,417792,3446.1457387,13369344
952.61,4925.087686299999,3821,0.003425008281146355,0.035814094543457034,-0.8088602753356099,-0.0018502371945942286,0.02707907278672792,0.7015077820513398,205,419840,3463.2979,13434880
946.7,4792.911717069999,3716,0.003816891962010127,0.04136981964111328,-0.8135033050552011,-0.0020480349732679313,0.02626496059820056,0.7683466778602451,206,421888,3480.933765,13500416
926.5,4661.2321058200005,3652,0.003566211681207228,0.038202095031738284,-0.816226183436811,-0.0019096773750788998,0.026162111858138815,0.7655342095997184,207,423936,3498.8801676000003,13565952
933.15,4734.37751655,3712,0.003575328518824547,0.03868923187255859,-0.8195895567536354,-0.0018850651878892677,0.026274161727633326,0.6669965979643167,208,425984,3516.5362084000003,13631488
921.24,4764.94169679,3700,0.0033333933376606547,0.035735130310058594,-0.8207439856603742,-0.001846199223655276,0.026832648809067904,0.43870186395943167,209,428032,3534.2451399,13697024
905.33,4696.9264755799995,3713,0.003381895970172224,0.0355377197265625,-0.8226289950311184,-0.0019355688335053855,0.028577396587934345,0.6557029542513192,210,430080,3551.8945264000004,13762560
945.64,4850.31922783,3739,0.0034008570711886663,0.035665702819824216,-0.8263393934816122,-0.0017835677375842352,0.02601401675492525,0.7163183005992323,211,432128,3569.419569,13828096
963.15,5012.39899846,3778,0.0035216451762369026,0.03763713836669922,-0.8301437757909298,-0.0018584457004180877,0.02712783478782512,0.5085181284695863,212,434176,3586.7632518,13893632
944.77,4889.70896308,3810,0.003600933011615436,0.03832931518554687,-0.8349463820457459,-0.0019685675881191854,0.0265233674144838,0.763458802504465,213,436224,3603.9614302,13959168
954.01,4894.233762909999,3783,0.0035697840282292127,0.038970947265625,-0.8382933186367154,-0.0018705506619880908,0.027366570383310317,0.19239716734737158,214,438272,3621.2862050000003,14024704
958.25,4966.223276029999,3705,0.003394463248146085,0.035881996154785156,-0.8407685281708837,-0.0018735179510258604,0.026931182359112425,0.6657097131479531,215,440320,3638.9715537,14090240
964.98,5037.39477393,3810,0.0035711300259418342,0.038605117797851564,-0.842892911285162,-0.0020470334220590303,0.02540977913304232,0.6634648383129388,216,442368,3656.171308,14155776
983.9,5053.36372579,3912,0.003590417163470162,0.03846549987792969,-0.84544922336936,-0.0020920749277138382,0.02551468674791977,0.7187349016778171,217,444416,3672.9245665000003,14221312
966.67,5066.555721729999,3912,0.003441718829172348,0.036688041687011716,-0.8489894969388843,-0.0019047395464440342,0.028007409570273013,0.4411287892609835,218,446464,3689.6756872,14286848
952.62,4977.31323087,3920,0.0038311336171855297,0.041561317443847653,-0.8532854394987226,-0.0020663362643972504,0.02682717386633158,0.518059855978936,219,448512,3706.3935252,14352384
936.22,4937.934419519999,3889,0.0034993249439549054,0.03749294281005859,-0.8543956037610769,-0.0016747724748711335,0.026840190455550327,0.7403984022792429,220,450560,3723.2445062,14417920
941.4,4871.52919911,3883,0.0035059771905690206,0.03724479675292969,-0.8561585888266563,-0.0019117740710498765,0.025359673821367324,0.7028650766704232,221,452608,3740.1227683,14483456
954.2,5003.622299000001,3822,0.0033248387220919462,0.03478984832763672,-0.8591199513524771,-0.0018921438253528323,0.02677726068068296,0.2992199406027794,222,454656,3757.270163,14548992
962.14,5025.78865921,3835,0.0036623861987121324,0.03991489410400391,-0.8627092039212585,-0.0018968343938468024,0.02689192061079666,0.6023553432896733,223,456704,3774.3569406,14614528
976.95,5020.523197709999,3917,0.003549211696800547,0.03819332122802734,-0.8626880651339889,-0.0020833836062593035,0.026352582493564113,0.7251934004947543,224,458752,3791.0889585,14680064
969.52,4985.082465980001,3904,0.003639553133568292,0.03920402526855469,-0.8636579927057028,-0.0020387272901643883,0.02561065466143191,0.6686430316418409,225,460800,3807.8768872,14745600
974.63,5088.06950751,3892,0.0034764366152853763,0.037334251403808597,-0.8650265350937844,-0.001958250531606609,0.02632214516052045,0.5366384490393102,226,462848,3824.7147984000003,14811136
989.33,5116.92753922,3784,0.0033821432981793144,0.035591506958007814,-0.8671742077916861,-0.0019239359411585611,0.025131004539434797,0.7447277412749826,227,464896,3842.0350281,14876672
977.05,4962.6259391,3796,0.003518399332022873,0.03693866729736328,-0.870193281956017,-0.00196732153344783,0.024647547790664248,0.7855922020273283,228,466944,3859.2962614000003,14942208
970.68,5009.88123486,3752,0.003676023655334602,0.03968963623046875,-0.8739802950993181,-0.001990019936056342,0.02602480453788303,0.7180474962107837,229,468992,3876.7641278,15007744
977.01,5006.537632809999,3917,0.0034862586075985343,0.03724193572998047,-0.8778208818286657,-0.0019083905608567875,0.026790105848340316,0.776420684857294,230,471040,3893.4951601000002,15073280
965.5,5059.45598763,3905,0.0035485961463178574,0.038219261169433597,-0.8794733103364706,-0.001827317055722233,0.025591659045312555,0.38945973161607983,231,473088,3910.2777031,15138816
983.16,5214.06661421,3927,0.0034739690234656525,0.03754367828369141,-0.880254690349102,-0.0017901061502925586,0.026671951881144195,0.2371966365724802,232,475136,3926.9643686,15204352
952.6,5047.05442518,3880,0.0034474894948130913,0.036861610412597653,-0.8825680799782276,-0.0019104625873296755,0.02678955947048962,0.18169761262834072,233,477184,3943.8520628,15269888
978.75,5071.678251689999,3820,0.0036160055028045964,0.03896198272705078,-0.8856010682880878,-0.001836982463282766,0.02512576172593981,0.7840041708666832,234,479232,3961.0074677000002,15335424
963.7,5025.12934096,3904,0.0035507221431641603,0.03793201446533203,-0.8882609514519573,-0.0018449450544721913,0.025829560766578653,0.5447735081426799,235,481280,3977.7952245,15400960
967.54,5140.863509530001,3849,0.0034036786125239576,0.03619594573974609,-0.8908026739954948,-0.0018886015262978618,0.02579352364409715,0.1281415607780218,236,483328,3994.8211972000004,15466496
970.68,5136.5597472300005,3909,0.0032426245403397906,0.03418254852294922,-0.8923829102888703,-0.0017816434999986086,0.02595171518623829,0.5612558718770743,237,485376,4011.5836178,15532032
944.58,4933.6223813,3933,0.0032129484859472453,0.03390178680419922,-0.8934813493862748,-0.0017438629627577029,0.026718090462964028,0.5880097363144159,238,487424,4028.2461286000002,15597568
918.72,4784.737174010001,3936,0.0035094803357375386,0.03782806396484375,-0.8953269938006997,-0.0019443233526544646,0.027388949104351922,0.6970213265623897,239,489472,4044.8955146000003,15663104
924.94,4836.305613389999,3931,0.003441298041843524,0.036660957336425784,-0.897696534730494,-0.0018695641818339936,0.026367559906793757,0.7028275880496949,240,491520,4061.5674040000004,15728640
960.06,5053.70280508,3948,0.003358323768300208,0.03571529388427734,-0.899035020172596,-0.0019403556339966598,0.025529418181395157,0.6554204092826694,241,493568,4078.1655367000003,15794176
969.18,5088.71673526,3931,0.0032544330736582723,0.03370742797851563,-0.9005973333492875,-0.0017897705518407747,0.0265385843871627,0.7321795469149948,242,495616,4094.8349606,15859712
974.48,5113.4313020399995,3928,0.0031873918119698363,0.03327236175537109,-0.9024299724027515,-0.0017904311305755982,0.02656351476034615,0.5748518366366625,243,497664,4111.5202951,15925248
970.31,5150.17483058,3945,0.003223338547992454,0.03320941925048828,-0.9037288805469871,-0.0018168427253840492,0.02629083054489456,0.33511523343622684,244,499712,4128.1301159,15990784
945.36,5007.6086034400005,3928,0.003432757361696141,0.036730384826660155,-0.9061844874173403,-0.0019267503099399618,0.02607440357096493,0.5265527656301856,245,501760,4144.8143447,16056320
954.0,5127.85497881,3926,0.0035287257794378163,0.03725852966308594,-0.9100344244390726,-0.001974468723710743,0.0269314989738632,0.15637632515281438,246,503808,4161.5053589,16121856
966.11,5069.65332476,3923,0.0035900131581441306,0.03875732421875,-0.9129057832062244,-0.002023416913289111,0.02574965129606426,0.7861479622777552,247,505856,4178.2091624,16187392
976.37,5131.58059182,3919,0.0034647760462318254,0.036751747131347656,-0.9139487128704786,-0.0021325219378923064,0.026102505024755373,0.6612249880563468,248,507904,4194.9294339,16252928
946.39,4975.59988453,3919,0.0032971631368211053,0.034976959228515625,-0.9149727120995521,-0.0018292271059181075,0.027850964380195364,0.7181091990787536,249,509952,4211.6490323,16318464
963.14,5050.54078205,3928,0.0033253086398174134,0.0346343994140625,-0.9169631961733102,-0.0019716742695891297,0.024907184913172387,0.7044300907757133,250,512000,4228.3314536,16384000
957.1,5053.76309952,3892,0.0032792206856525363,0.03450794219970703,-0.9201734548434615,-0.001966466822705115,0.02597332463483326,0.6593982087448239,251,514048,4245.1702967,16449536
972.39,5195.907948470001,3906,0.0035595857496146083,0.03833484649658203,-0.920711799710989,-0.0018503727289498784,0.02666348693310283,0.6092028640210628,252,516096,4261.9461145000005,16515072
962.09,5086.90157545,3923,0.003455319117442289,0.03616771697998047,-0.9245578154921532,-0.0019674895953357917,0.025298634765204043,0.7134783688001335,253,518144,4278.6498046,16580608
976.59,5194.544207649999,3920,0.003288307257056912,0.034879302978515624,-0.9288292774930597,-0.001880091160273878,0.025650964982924053,0.46704427571967244,254,520192,4295.3686936,16646144
971.67,5200.31889763,3933,0.0035613407981101393,0.03804035186767578,-0.9321224629878998,-0.0018006904232606758,0.02739792726933956,0.6021638320758939,255,522240,4312.0300676,16711680
946.37,4968.42385677,3930,0.0035246346094502286,0.037597274780273436,-0.9341873601078987,-0.0018604523123940454,0.0261548864596989,0.7659548984374851,256,524288,4328.7034559,16777216
973.82,5152.86340822,3931,0.0034772096012914365,0.03742961883544922,-0.936401229351759,-0.0019670373549161013,0.02557413578615524,0.4975494422018528,257,526336,4345.3728082,16842752
960.74,5169.4754284499995,3929,0.0032009486051264267,0.03330650329589844,-0.936941109970212,-0.0018388933269307018,0.027095397614175454,0.2451754964888096,258,528384,4362.0523859,16908288
965.96,5128.50087997,3915,0.0034751247204155332,0.03730087280273438,-0.939086538925767,-0.001975863289226254,0.026149020434240812,0.7120088952593505,259,530432,4378.7921096,16973824
985.88,5181.80488366,3928,0.0036390943027427374,0.039113616943359374,-0.9412608692422509,-0.0019614520482718945,0.025032978056697176,0.7088674277067184,260,532480,4395.475211800001,17039360
984.46,5276.93005571,3927,0.0034512944336966716,0.036440277099609376,-0.9444881005212664,-0.001927653716847999,0.027624844980891794,0.6608906166628004,261,534528,4412.1610469,17104896
959.96,5015.23710727,3926,0.003494330472126595,0.03745899200439453,-0.9477123441174626,-0.0017780156929802615,0.025205379538238048,0.7974874171428382,262,536576,4428.8550175,17170432
917.29,4804.35756043,3919,0.0034800501573911866,0.03704566955566406,-0.948948216997087,-0.0019051774746912998,0.027164004143560305,0.6861880502663553,263,538624,4445.5761529,17235968
948.67,4974.77432071,3919,0.003301453642612156,0.03419055938720703,-0.9527320504188538,-0.0018943362294521649,0.026707754703238606,0.7680477753747255,264,540672,4462.2981778,17301504
971.13,5108.121173559999,3926,0.003273867430229365,0.03444862365722656,-0.9561131156980991,-0.0018355598069319968,0.026645900629227982,0.5159249431453645,265,542720,4478.9912143,17367040
960.67,5153.6244027,3931,0.003369225346409628,0.03608646392822266,-0.959215416200459,-0.0019673459933983394,0.026653792860452087,0.44476791908964514,266,544768,4495.6625648,17432576
940.63,5049.4064248,3917,0.003212128015147147,0.03310661315917969,-0.9619132902473211,-0.0018907900983322179,0.026209685567300765,0.42421801183372737,267,546816,4512.393551900001,17498112
961.44,5147.7262030599995,3927,0.0034705060608459064,0.03742504119873047,-0.964710782840848,-0.0018124163907486945,0.02655631144880317,0.7400354222394526,268,548864,4529.0797706,17563648
977.37,5198.850833,3932,0.0032994638934170026,0.03455562591552734,-0.9667170982807874,-0.0019568917894503103,0.025838545683654957,0.6707582917064429,269,550912,4545.7478312,17629184
977.63,5108.80288585,3922,0.0033401075191811765,0.03518047332763672,-0.971678813919425,-0.0018799769852194004,0.025467782752821223,0.7903974624350667,270,552960,4562.4569018,17694720
982.77,5198.40200207,3920,0.0033733150901838495,0.035773277282714844,-0.9756089486181736,-0.0018356246138864663,0.02614057280588895,0.5607717624865473,271,555008,4579.172357,17760256
968.91,5174.34852848,3908,0.003402165091854771,0.03631305694580078,-0.9767218299210072,-0.0017935561889316886,0.026122619200032206,0.7018094547092915,272,557056,4595.9398632,17825792
950.15,5021.47713086,3909,0.003159528726183776,0.03290367126464844,-0.9776243289932609,-0.0017388607848261017,0.02777591670746915,0.7102307573426515,273,559104,4612.7053956,17891328
985.6,5280.3469045599995,3939,0.0034208064032143224,0.03664665222167969,-0.9800029050558805,-0.0017640636069700122,0.02597769054991659,0.39242706866934896,274,561152,4629.3429545,17956864
953.39,5107.9937705699995,3948,0.003534059211138244,0.03770523071289063,-0.9810555851086974,-0.0020530545712972525,0.027528769942000507,0.6224419124890119,275,563200,4645.9400662,18022400
941.03,5057.39119187,3942,0.0033807903423451724,0.03519382476806641,-0.9826489394530654,-0.001934913915101788,0.027415543264942242,0.5999405678361655,276,565248,4662.566163,18087936
956.03,5122.12005243,3909,0.003398059737209417,0.03583717346191406,-0.9869718972593546,-0.001852129282997339,0.026695301569998265,0.5828431167639792,277,567296,4679.3306157,18153472
987.98,5244.211188179999,3930,0.0034339963966588116,0.03656349182128906,-0.9893061013892293,-0.0020550097120576537,0.02574754227534868,0.7660753773525357,278,569344,4696.0051081,18219008
953.48,5000.93638284,3907,0.003406287894104443,0.03597736358642578,-0.9912836689502,-0.0018615574113937327,0.02616653178120032,0.7276134312618524,279,571392,4712.7764852,18284544
950.79,5054.61543333,3938,0.0032744886727899326,0.034254264831542966,-0.9927841359749436,-0.0019017493155843112,0.026253904646728186,0.5748297966085374,280,573440,4729.4189132,18350080
957.91,5117.201227470001,3696,0.003228496749389448,0.033719635009765624,-0.9932304296642542,-0.001673490336543182,0.02700363572803326,0.7054249384440482,281,575488,4747.1482235,18415616
966.22,5146.03586069,3717,0.0033543452501513062,0.03542137145996094,-0.9939579570665955,-0.0019220746456994676,0.02571556401089765,0.7408382001332938,282,577536,4764.7807012,18481152
952.28,5111.51861489,3835,0.0031718637554456488,0.033329200744628903,-0.996627957187593,-0.001892209626021213,0.027125733462162314,0.6538105860818177,283,579584,4781.8692797,18546688
959.48,5104.17358136,3840,0.003348799266250909,0.035201072692871094,-0.9983492931351066,-0.0019303298780869228,0.027317273791413754,0.7498758867848665,284,581632,4798.9360496,18612224
966.8,5209.77370673,3721,0.003406989189133558,0.03626937866210937,-1.0003265086561441,-0.0019282752235085354,0.027523056213976816,0.45470172055065633,285,583680,4816.5452617,18677760
963.31,5084.99503806,3834,0.0034107930978267064,0.03517894744873047,-1.0027714878320695,-0.001868832256332098,0.02604583153151907,0.8066246054600924,286,585728,4833.6354652,18743296
937.21,5029.147314729999,3744,0.0033133819374001477,0.03514556884765625,-1.003614816442132,-0.0019505807758832816,0.0277089299808722,0.33206635070964696,287,587776,4851.138078800001,18808832
968.17,5249.447043660001,3726,0.0031475954061631283,0.032720756530761716,-1.0069534964859486,-0.0019004923636202875,0.02804984605172649,0.35586955659091474,288,589824,4868.7253765000005,18874368
956.47,5138.811820260001,3761,0.003317858700570833,0.03518199920654297,-1.0091928534209729,-0.0020581782184308393,0.025786488503217696,0.685286576487124,289,591872,4886.1516657,18939904
957.58,5129.95191363,3785,0.0033204135339809995,0.035225868225097656,-1.0108239285647869,-0.0018164515891839982,0.02681156898033805,0.5357218731194735,290,593920,4903.4653004,19005440
974.77,5293.98649273,3612,0.0033228280400825613,0.03543796539306641,-1.0122479017823935,-0.001899427655735053,0.026973361638374625,0.4865726949647069,291,595968,4921.6095435,19070976
983.43,5334.759079709999,3778,0.003331556918586433,0.03545665740966797,-1.0133505120873452,-0.0020137172901740995,0.027253879577619954,0.7174446860328316,292,598016,4938.9541441,19136512
957.07,5151.62490824,3822,0.0032425266255363934,0.03462009429931641,-1.015499710664153,-0.0018505879445001483,0.027242804010165857,0.17239197604358197,293,600064,4956.1021423,19202048
941.7,5107.40452123,3748,0.0033031276561553717,0.03421993255615234,-1.017270376905799,-0.0017635640273510945,0.026687464880524203,0.592256468674168,294,602112,4973.5857225,19267584
962.6,5229.482066649999,3682,0.0031505668423336595,0.03296661376953125,-1.019421187415719,-0.0018088957120198756,0.02703526922559831,0.1413718532770872,295,604160,4991.3843234000005,19333120
968.0,5240.5654437,3750,0.003402260773921954,0.036008453369140624,-1.0219969045370818,-0.0019273942496511153,0.02544944951951038,0.6932205642107874,296,606208,5008.8599493,19398656
942.73,5091.26928057,3705,0.003287637570793074,0.03439750671386719,-1.0238191068172455,-0.001811012695543468,0.027359908318612725,0.7446620584931225,297,608256,5026.5474154,19464192
974.46,5223.92835447,3683,0.0034291394635795744,0.036067962646484375,-1.026392725855112,-0.0018685739894863218,0.02609121262212284,0.6194808344356716,298,610304,5044.3417594,19529728
965.77,5225.52241296,3664,0.0032852176984237993,0.03451118469238281,-1.0279040221124887,-0.0017983460616960655,0.027315183653263374,0.582295838277787,299,612352,5062.224958700001,19595264
959.48,5202.06687788,3765,0.003030080517373945,0.031301689147949216,-1.0302012093365192,-0.0017576351940078894,0.027997108397539706,0.41759876823052766,300,614400,5079.6325069,19660800
968.46,5266.1081155,3613,0.003246657420236139,0.03423366546630859,-1.0314036805182696,-0.0017963044381758663,0.025902107285219245,0.5101244342513382,301,616448,5097.7682471,19726336
952.28,5129.99726407,3702,0.00319670105444293,0.03347511291503906,-1.0328119747340678,-0.001968344857596094,0.027352912112837656,0.6386204364709556,302,618496,5115.469134,19791872
952.15,5171.46437053,3651,0.0031069766681442656,0.03192329406738281,-1.0341506738215684,-0.0018174246019043495,0.027037929615471513,0.16959430277347565,303,620544,5133.4164388,19857408
975.26,5332.014130630001,3688,0.003202510430052602,0.033209228515625,-1.0361568879336118,-0.0018237647862406447,0.026185154117411003,0.5832230395171791,304,622592,5151.1865057,19922944
949.52,5129.71688818,3677,0.003338677414858515,0.035089874267578126,-1.0386730510741473,-0.0019855147576890884,0.02680653551360592,0.8193513674894348,305,624640,5169.0092211,19988480
976.25,5223.94429757,3687,0.0032897622390576945,0.034883308410644534,-1.0417439568787814,-0.0018076193977321965,0.027426263003144415,0.5036574311554431,306,626688,5186.7838468,20054016
984.43,5386.20857496,3671,0.003259846573937189,0.034024620056152345,-1.0445240627974273,-0.001724871917394921,0.026302960992325097,0.6034789929632097,307,628736,5204.6345988,20119552
974.93,5366.480702249999,3772,0.0031458515193153367,0.032769966125488284,-1.0473571181297303,-0.001897484457367682,0.026554545236285775,0.32811179496347903,308,630784,5222.008361,20185088
957.16,5257.546546709999,3751,0.0031275282899516908,0.032824134826660155,-1.0487803246825933,-0.001820297860831488,0.027835797041188926,0.2133335428312421,309,632832,5239.4804923,20250624
959.45,5232.5609484100005,3766,0.003216827924202485,0.03386363983154297,-1.0483350194990635,-0.0019000347343535394,0.026449436860275455,0.6350359904579819,310,634880,5256.880556900001,20316160
986.55,5353.680702929999,3781,0.0033551354910802004,0.03590660095214844,-1.047897044569254,-0.0018568603074527346,0.026928618183592334,0.7322550240438431,311,636928,5274.2143269,20381696
972.76,5241.78147128,3704,0.0033809579145159243,0.03646240234375,-1.0481544435024261,-0.001967157324179425,0.02673783714417368,0.546774111641571,312,638976,5291.907272,20447232
980.56,5380.68722556,3560,0.003016196928783098,0.03128376007080078,-1.0487842839211226,-0.0017399568379914854,0.027195408276747914,0.14342969860881566,313,641024,5310.3125494000005,20512768
953.69,5205.215798540001,3717,0.003375622027430114,0.036042404174804685,-1.0487206444144248,-0.001987364974775119,0.027448072494007648,0.6025713053066284,314,643072,5327.9432480000005,20578304
963.33,5244.301655040001,3761,0.0030969344966567483,0.03145732879638672,-1.0493713427335023,-0.0018668872431589988,0.0278033563925419,0.582704558596015,315,645120,5345.3668878,20643840
960.66,5199.46303105,3765,0.003062856921499584,0.031645584106445315,-1.0506501346826553,-0.001760455738985911,0.02741066803573631,0.6273794465698301,316,647168,5362.7706754,20709376
958.19,5180.10984448,3775,0.0033202695878760307,0.034697532653808594,-1.0519452802836895,-0.0019857753055475768,0.026525649591349065,0.7384411044418812,317,649216,5380.1291535,20774912
972.64,5341.86413146,3745,0.003112638968932868,0.03246173858642578,-1.0522064115852117,-0.0018428908490022878,0.027309390372829513,0.5526520670391619,318,651264,5397.6263121,20840448
973.83,5389.439328900001,3781,0.003251949034280986,0.03430366516113281,-1.0532684713602065,-0.001815827617610921,0.02756911664910149,0.13821298852562905,319,653312,5414.9602022,20905984
980.99,5415.68787082,3784,0.0032648324731996844,0.0346221923828125,-1.0553117457777261,-0.00196055298220017,0.02772078544367105,0.4046695649623871,320,655360,5432.2784445,20971520
947.95,5228.63166474,3752,0.003374096343411504,0.035967254638671876,-1.0563683547079563,-0.0018690003191295546,0.027973531157476826,0.5431885179132223,321,657408,5449.7444937,21037056
950.03,5239.77503492,3748,0.0031825520397655628,0.03303203582763672,-1.0572603676468133,-0.0017715969559503719,0.027364924020366742,0.2965367503464222,322,659456,5467.2288539,21102592
960.33,5299.88909746,3764,0.003182892565729735,0.03301315307617188,-1.0582765381783248,-0.0017169500380987302,0.02696373364306055,0.6272437019273639,323,661504,5484.6383015,21168128
974.46,5371.7417384499995,3746,0.003119476081529648,0.032563209533691406,-1.060505400970578,-0.0018467635956767481,0.02710561263957061,0.5495012665167451,324,663552,5502.1318142,21233664
975.75,5385.531198730001,3759,0.003045974485184294,0.031465911865234376,-1.063786055892706,-0.0018471749535819981,0.028240507963346317,0.5638322948478163,325,665600,5519.5640636,21299200
987.89,5386.7761475299985,3770,0.0030481337738411706,0.030899238586425782,-1.066921269148588,-0.0016321993429301075,0.026081311141024344,0.6520697938278317,326,667648,5536.9478894,21364736
968.95,5344.0010674,3761,0.0031252253292844727,0.032357406616210935,-1.07014269977808,-0.0018809609620802803,0.027887162886327133,0.5094968089833856,327,669696,5554.3702048000005,21430272
969.0,5339.708466059999,3759,0.003488740416145601,0.03779792785644531,-1.0712258987128735,-0.001998062802158529,0.02681107067037374,0.4327199413441122,328,671744,5571.8042982,21495808
979.8,5345.541731310001,3757,0.0030943258765081722,0.031955909729003903,-1.0716235782951116,-0.0018334249980398454,0.027619022893486545,0.698455184046179,329,673792,5589.247275,21561344
952.59,5254.774699529999,3753,0.002987090041881069,0.03107032775878906,-1.0724929820746183,-0.001722165941100684,0.028777051810175182,0.6221337114460767,330,675840,5606.7074189,21626880
967.77,5246.998967750001,3749,0.003108438863434403,0.032567405700683595,-1.073139550536871,-0.0017996808885072824,0.02736600692733191,0.6635447015054524,331,677888,5624.1866768,21692416
965.34,5302.71393405,3748,0.003057730686063936,0.03139209747314453,-1.0730481050908565,-0.0017685668412013912,0.027512119634775446,0.5301351400092245,332,679936,5641.6723103,21757952
975.15,5380.8349826700005,3743,0.003103590267607709,0.03257293701171875,-1.0743264000862838,-0.0017082507481973152,0.028619267971953376,0.5310489636845886,333,681984,5659.1816641000005,21823488
957.91,5255.17938801,3761,0.0029771623602975463,0.03071117401123047,-1.0763310182839632,-0.0018061874994600657,0.02754640915663913,0.6629291243851185,334,684032,5676.6046226,21889024
941.98,5184.192148089999,3754,0.002938010781075623,0.02997417449951172,-1.0780163638293743,-0.0018285711919816094,0.027631812886102124,0.48379733515903356,335,686080,5694.0594416,21954560
961.6,5330.597887649999,3774,0.0029109872121740304,0.02993946075439453,-1.0785627968609333,-0.001689473712031031,0.027326132866437546,0.1513099752366543,336,688128,5711.425529,22020096
965.99,5338.151923040002,3765,0.0027607827983555516,0.027890968322753906,-1.079271100461483,-0.0017700678603432608,0.028139061067486183,0.5558398335240782,337,690176,5728.8307751,22085632
960.99,5320.82498584,3761,0.002926788478463188,0.028845977783203126,-1.0810461770743132,-0.00184708697224778,0.027507317170966418,0.524763098359108,338,692224,5746.254242,22151168
947.53,5199.96277816,3770,0.0028797156662751858,0.029105758666992186,-1.0832344867289065,-0.0017646616732235997,0.028098147053970023,0.6210004034917802,339,694272,5763.6347689,22216704
958.96,5222.574000909999,3749,0.0028852705033299586,0.028564834594726564,-1.0859075028449297,-0.0017876094723760616,0.026546455326024444,0.703181138029322,340,696320,5781.1129186,22282240
969.3,5262.59201936,3727,0.0029752864359100396,0.03014965057373047,-1.0898138977587224,-0.0017986470298637868,0.027581963990814983,0.61656465632841,341,698368,5798.6941084,22347776
976.32,5331.923995499999,3729,0.0030453078194843993,0.031247520446777345,-1.0909313902258873,-0.0017928723835211712,0.027199168351944535,0.6769160588271916,342,700416,5816.269435,22413312
968.32,5262.58674836,3758,0.0028145202756679677,0.028508758544921874,-1.0900018814951182,-0.0018412929868645734,0.027732723421650007,0.7272935587447137,343,702464,5833.7070286,22478848
978.32,5316.61396896,3753,0.003007458348722333,0.031085968017578125,-1.0904908537864686,-0.0017745700584782752,0.027663985959952696,0.6426522945519537,344,704512,5851.1698308,22544384
974.19,5319.89567054,3731,0.00302045998342796,0.031026077270507813,-1.0920234743505717,-0.0018187855749602021,0.026701359444996343,0.6424477166496217,345,706560,5868.733268,22609920
953.68,5264.113671640001,3746,0.0028468873404105593,0.02886371612548828,-1.0936580624431371,-0.0017539900276460686,0.028924612182890996,0.40581858428195117,346,708608,5886.2286847000005,22675456
956.55,5221.16938345,3776,0.0030620532635826764,0.031705474853515624,-1.0948779344558717,-0.001841101111494936,0.02797840345883742,0.7420539405662566,347,710656,5903.5839337,22740992
982.53,5307.160484839999,3769,0.002928986806586799,0.029460716247558593,-1.096614034473896,-0.001816141621384304,0.027006729727145285,0.7005225600209087,348,712704,5920.972127,22806528
999.59,5433.0750991899995,3748,0.0029127815378806234,0.02927875518798828,-1.0980404779314994,-0.0016667873889673502,0.02742222266388126,0.6743225201033056,349,714752,5938.4566256,22872064
976.47,5295.699968219999,3750,0.0028637438497900324,0.02861328125,-1.099657327309251,-0.0017161202995339409,0.027699727495200933,0.7239112087525428,350,716800,5955.9296763,22937600
945.34,5086.3553590500005,3756,0.0028476670830434154,0.028759002685546875,-1.1004652347415687,-0.001692630320758326,0.028092346631456166,0.7865223720204085,351,718848,5973.3757514,23003136
964.78,5265.509413320001,3746,0.0029838445109413017,0.030158615112304686,-1.1012992881238461,-0.0018306191774172475,0.027318968682084232,0.5507218319922685,352,720896,5990.868587800001,23068672
943.4,5128.428980520001,3760,0.002826749664499045,0.02873096466064453,-1.1037187393754722,-0.0017296254387474618,0.02819779684650712,0.67555573284626,353,722944,6008.2975084,23134208
945.0,5190.3401287199995,3742,0.0030665648269389183,0.03189029693603516,-1.1063929103314876,-0.0017704204483379726,0.028711423266213388,0.6025872940197587,354,724992,6025.8099046,23199744
961.18,5204.92274445,3771,0.003184564947914306,0.03303089141845703,-1.109206899628043,-0.0019085920408542733,0.027341467281803488,0.780059224087745,355,727040,6043.1899122,23265280
971.01,5329.60571188,3768,0.002662001460671555,0.02632427215576172,-1.1115723133087159,-0.0016880702540220227,0.027663517848122866,0.4520929946564138,356,729088,6060.5815873,23330816
972.61,5404.942212550001,3751,0.0028398522251817755,0.028435897827148438,-1.1128351133316756,-0.0017569415540492628,0.027772332390304653,0.5348088829778135,357,731136,6078.0531496,23396352
973.67,5433.380936329999,3751,0.002601166714381533,0.02559814453125,-1.113526426628232,-0.001558925467179506,0.029161976027535275,0.5738267539069056,358,733184,6095.5257735000005,23461888
957.12,5253.708848260001,3765,0.0029134317641757446,0.029439544677734374,-1.1150674913078547,-0.0018464133216184564,0.028599892935017125,0.5733909441158176,359,735232,6112.9302978000005,23527424
983.76,5375.69480254,3763,0.0028373001657072644,0.028400230407714843,-1.1172754015773534,-0.0017113458132371306,0.027497801365097985,0.7100433943793177,360,737280,6130.3467813,23592960
963.03,5341.88862879,3741,0.002826248165870781,0.028780364990234376,-1.1183858323842286,-0.001826699792763975,0.029009186872281136,0.664544852077961,361,739328,6147.8638296,23658496
976.44,5345.1165197,3759,0.0026647935909266335,0.026806068420410157,-1.1191035185009242,-0.0016727360118238721,0.027175817592069506,0.6355091320350766,362,741376,6165.2949002000005,23724032
985.51,5412.940638120001,3750,0.0028718715695309005,0.028907394409179686,-1.1210908517241478,-0.0017608476759050974,0.02717184043722227,0.6071530595887452,363,743424,6182.7704543,23789568
972.97,5341.523716310002,3771,0.00272166212694838,0.02646045684814453,-1.1240697029978037,-0.0017230303910764633,0.027834264998091385,0.7688012505881489,364,745472,6200.1467462,23855104
980.47,5323.84438226,3732,0.002971375806866558,0.030828285217285156,-1.12640971057117,-0.0017232006677659229,0.027278627315536142,0.661070010671392,365,747520,6217.7078962000005,23920640
975.89,5355.30493522,3739,0.002794124941858806,0.027861595153808594,-1.1272102922201157,-0.0016817004427139182,0.028868854406755417,0.715704449871555,366,749568,6235.2322479,23986176
958.52,5224.43027747,3744,0.002784364197034109,0.028330230712890626,-1.1276274763047696,-0.0016982727027425426,0.02790249410318211,0.5668890583328903,367,751616,6252.7368833,24051712
967.0,5342.721207059999,3747,0.002813106891410551,0.02823486328125,-1.1279623463749886,-0.0017515971456305123,0.027876025607110933,0.7202845392283053,368,753664,6270.2256533,24117248
960.56,5280.79766448,3737,0.0027065837091736224,0.026542282104492186,-1.1280963443219663,-0.0015825536662305239,0.02764413335826248,0.5006334181874991,369,755712,6287.7592477,24182784
970.27,5425.281125080001,3749,0.0027363939156475653,0.026658058166503906,-1.1294195014983415,-0.0016921007281780476,0.02930502061499283,0.6899101927876472,370,757760,6305.2412684,24248320
946.49,5221.97947805,3740,0.002815760175212934,0.028088951110839845,-1.1314285479485988,-0.001688149682013318,0.02903516640071757,0.6679801129736006,371,759808,6322.7629248,24313856
961.16,5380.895043810001,3679,0.0025409331285353824,0.02477397918701172,-1.133180731162429,-0.0015453124025953003,0.029125576344085857,0.17198113687336444,372,761856,6340.5755806,24379392
983.12,5494.443104660001,3718,0.0026919997046114907,0.02679443359375,-1.1352400865405798,-0.0016150763773111975,0.02809005273738876,0.4397531648166478,373,763904,6358.2033544000005,24444928
985.99,5482.795225350001,3730,0.0027479930378361155,0.026974296569824217,-1.1367194339632989,-0.0016558964027353796,0.027673727204091846,0.7027731186244637,374,765952,6375.7720809,24510464
970.15,5371.848155379999,3825,0.002640057060703749,0.025743675231933594,-1.1378459837287664,-0.001577077062393073,0.02848118544789031,0.5499542141333222,375,768000,6392.9038867,24576000
966.73,5393.29636653,3738,0.002817047899010894,0.028384590148925783,-1.139560528099537,-0.0017327108747849707,0.028477828530594707,0.527707111183554,376,770048,6410.4364218,24641536
965.84,5312.427347500001,3706,0.0028209543196546782,0.02790412902832031,-1.139832554385066,-0.0017401809531293112,0.02879563776659779,0.7210081624798477,377,772096,6428.119106900001,24707072
966.88,5384.954066860002,3762,0.0027304236746484483,0.02762775421142578,-1.1406811382621527,-0.0017525246115837946,0.029117966879857703,0.1570669762790203,378,774144,6445.5386905000005,24772608
965.53,5426.2240526999985,3866,0.002552926014393762,0.024733924865722658,-1.1421094447374345,-0.0016175650049262912,0.03066148068755865,0.37924868874251844,379,776192,6462.4879551,24838144
983.55,5471.87938345,3925,0.002687910576132191,0.026481056213378908,-1.1437805209308862,-0.0016833349760418058,0.028349117329344153,0.6525153534486889,380,778240,6479.1846346,24903680
943.26,5232.78108321,3777,0.0025861789341330493,0.025153732299804686,-1.1449178878217936,-0.0017062293249182404,0.02868429127847776,0.625875204987824,381,780288,6496.5337186,24969216
942.21,5244.16086188,3752,0.002537762057983684,0.024425506591796875,-1.1459059055894614,-0.0015781726215209346,0.028853231796529145,0.6611772523727268,382,782336,6514.0014463,25034752
969.81,5386.65635214,3722,0.002435919427914207,0.023250007629394533,-1.1473386902362108,-0.0015124943587579765,0.02895384780713357,0.6416198150254786,383,784384,6531.6070740000005,25100288
982.02,5425.051325539999,3748,0.002733806911694002,0.02705230712890625,-1.1488783162087202,-0.001647772346768761,0.028624961065361276,0.7947706538485363,384,786432,6549.0931202,25165824
937.87,5119.62701365,3753,0.0026154483240483422,0.025684928894042967,-1.1494453970342875,-0.0016771469061495736,0.027196257951436563,0.7248472307808698,385,788480,6566.5548141,25231360
955.59,5342.18651328,3760,0.0026964280301755004,0.02700214385986328,-1.1504400052130221,-0.001596431466168724,0.0294260599068366,0.7130633824970574,386,790528,6583.984943,25296896
971.29,5358.46810268,3770,0.0026482223653544945,0.02572479248046875,-1.1526569824665784,-0.0016533353684280883,0.028505891939857975,0.7280786270741373,387,792576,6601.369200300001,25362432
969.85,5470.520365920001,3729,0.002610548596119664,0.025373268127441406,-1.1538435690104962,-0.0016277300128422212,0.028558419045293704,0.6478901179973036,388,794624,6618.9449532,25427968
962.03,5360.409293029999,3716,0.0025908345083397143,0.025202560424804687,-1.1545190636068583,-0.0016444615786895156,0.029531753377523274,0.5943627619184554,389,796672,6636.5795009,25493504
962.4,5287.249557470001,3752,0.0025634935426056766,0.02483539581298828,-1.1557168167084455,-0.0014728998899954603,0.028614807134727017,0.775686223898083,390,798720,6654.0438,25559040
952.27,5226.73447502,3750,0.0026465007853186877,0.025989532470703125,-1.1571139942854642,-0.001649264236766612,0.02968228520476259,0.6609432266559452,391,800768,6671.5170939,25624576
964.18,5372.626762030001,3752,0.002583513713607471,0.025011062622070312,-1.1578280001878738,-0.0016242359659372596,0.029371046647429466,0.7679792721290142,392,802816,6688.9809538,25690112
934.76,5158.2564938900005,3756,0.002637908638808135,0.025801658630371094,-1.1588441845029593,-0.0016679468877555336,0.02941080238088034,0.7613142705522478,393,804864,6706.4286868,25755648
963.47,5377.02093674,3763,0.0025423816438587604,0.024881553649902344,-1.1599261928349733,-0.0015865085915720556,0.028958385327132418,0.4839691142551601,394,806912,6723.8411621000005,25821184
944.73,5261.976999549999,3750,0.0024309254807462896,0.022786712646484374,-1.1610015213489533,-0.0014576085875887656,0.03004777551977895,0.6459040695335716,395,808960,6741.3154179,25886720
948.44,5296.61346626,3743,0.002892207512550366,0.028513336181640626,-1.1631857320666312,-0.0017106728751969057,0.028663165372563526,0.5218022540211678,396,811008,6758.824741,25952256
967.57,5340.015952549999,3745,0.002529185430921355,0.024850082397460938,-1.1649073492735624,-0.0016001553452952067,0.029506181878969074,0.8060503689572215,397,813056,6776.3240864,26017792
958.26,5174.215707579999,3760,0.0025570744433667174,0.02499217987060547,-1.1652966409921646,-0.0017134121022536418,0.028471242048544808,0.8105704603949562,398,815104,6793.7547654,26083328
950.74,5257.24255205,3732,0.0024311960738983484,0.02316150665283203,-1.1661470845341682,-0.001586228066298645,0.028782042412785813,0.6528347516432405,399,817152,6811.3129091,26148864
940.57,5278.807113249999,3766,0.002351947044221374,0.02201557159423828,-1.1673436105251311,-0.0014796502873650752,0.030253961583366618,0.6168909717351199,400,819200,6828.7146183,26214400
976.66,5492.541117350001,3741,0.002540713075332445,0.024655914306640624,-1.1688402760773897,-0.001522192404809175,0.029265665751881897,0.4019741444848478,401,821248,6846.2322386000005,26279936
940.16,5254.17397429,3734,0.0024680706710960123,0.023067474365234375,-1.1703957930207252,-0.0015300556493457406,0.029736300645163284,0.6246451703831554,402,823296,6863.7840958,26345472
939.63,5252.18901608,3757,0.0025822004043592967,0.02518119812011719,-1.171689635142684,-0.001609781538900279,0.02931232288829051,0.7230716141406447,403,825344,6881.224727100001,26411008
983.5,5480.20448066,3756,0.0024432780332117473,0.023223114013671876,-1.1725237593054771,-0.0014487622727756388,0.028980054176645353,0.39369307570159434,404,827392,6898.6723909,26476544
986.81,5565.15379675,3740,0.0024932638959873406,0.024017333984375,-1.1731504645198583,-0.0015512758440308972,0.02806257876800373,0.5121262289583683,405,829440,6916.194861,26542080
979.54,5516.92548528,3732,0.0023939314795525745,0.022628974914550782,-1.1731648940593005,-0.0014495178118522744,0.03008516986737959,0.42085111141204834,406,831488,6933.7549766,26607616
968.91,5311.04222877,3766,0.0023020255229498957,0.021237754821777345,-1.1744876027107238,-0.0015480690970434807,0.028959575423505156,0.8043174818623811,407,833536,6951.1540147000005,26673152
969.95,5280.0756418500005,3764,0.002442336582195241,0.023259735107421874,-1.1758760642260313,-0.001478193858929444,0.028205891704419627,0.6225246144458652,408,835584,6968.5624504,26738688
965.65,5326.81927169,3737,0.002423452165029645,0.023028564453125,-1.1762956354767085,-0.0015102049612323754,0.029556804936146364,0.8054010991705581,409,837632,6986.0969662,26804224
963.16,5323.35171722,3781,0.0023824192940823086,0.022971343994140626,-1.177393263578415,-0.0015468922283616848,0.028690070094307886,0.4905760913155973,410,839680,7003.4304217,26869760
941.4,5317.10358287,3726,0.0023674916833341664,0.022883224487304687,-1.1785277929157019,-0.0014342209236929194,0.03129856886225753,0.4867857460863888,411,841728,7021.0199568,26935296
940.89,5224.82800961,3753,0.0023591055203615687,0.022084808349609374,-1.1789825692772866,-0.001450356753412052,0.02955646042828448,0.6935778942890465,412,843776,7038.4802226,27000832
953.57,5317.83680713,3736,0.002292840841166341,0.020981216430664064,-1.1797865569591521,-0.0014131085896224248,0.02907163465861231,0.6691908475942909,413,845824,7056.0193365000005,27066368
940.4,5258.42394198,3741,0.0022026299238857142,0.020359039306640625,-1.1812911566346884,-0.0014864759301417506,0.029887201881501825,0.45019061099737884,414,847872,7073.5386986,27131904
964.25,5377.484902860001,3761,0.0021799704478380364,0.019723892211914062,-1.182285912707448,-0.0014125849560514326,0.02927282665623352,0.7548332266509533,415,849920,7090.9610594000005,27197440
960.68,5334.90456858,3735,0.0023614086284827044,0.022286605834960938,-1.1833399444818498,-0.0014424204477109016,0.029111737053608523,0.4010091420263052,416,851968,7108.5043308,27262976
965.35,5365.688854450002,3745,0.0021996196256184345,0.02055492401123047,-1.1847317442297935,-0.001468398133511073,0.029182924557244406,0.7705462469952181,417,854016,7126.0004842,27328512
989.84,5390.45936554,3751,0.002231455993873823,0.0202484130859375,-1.1861410092562437,-0.0013774538336292607,0.028578720090445132,0.783079212717712,418,856064,7143.4690398,27394048
940.81,5150.01777522,3760,0.0022989941416972502,0.021088790893554688,-1.1871451478451491,-0.001506933985183423,0.029279802861856295,0.7639528672210872,419,858112,7160.8980938,27459584
939.23,5219.17811686,3737,0.002103884654845102,0.019273757934570312,-1.1881794024258852,-0.001407799223670736,0.029318028897978365,0.6429153374396265,420,860160,7178.43177,27525120
955.96,5337.259322279999,3683,0.002217612082838982,0.020174026489257812,-1.1896192848682403,-0.0014722486219397978,0.02967584355501458,0.5230317772366107,421,862208,7196.224292,27590656
956.67,5407.12560238,3736,0.0022138988571304514,0.01993560791015625,-1.1913662414997817,-0.001478332018086803,0.03035560349235311,0.22899933066219091,422,864256,7213.7634342,27656192
985.35,5447.876603560001,3715,0.002342099574845242,0.022041702270507814,-1.1924954157322645,-0.00138034903575317,0.029726011381717397,0.7851979556493461,423,866304,7231.4044302,27721728
967.43,5264.80840093,3758,0.002277167264883668,0.020888328552246094,-1.1937285490334033,-0.0014553516179148574,0.028948906692676246,0.7290093882475048,424,868352,7248.842673900001,27787264
975.69,5379.42792305,3736,0.0023635563687983987,0.022916412353515624,-1.1946746341884136,-0.0015956832270603628,0.02851251224055886,0.7933835472911597,425,870400,7266.3840219,27852800
930.64,5063.37712811,3759,0.002231253378055117,0.020871734619140624,-1.195279898867011,-0.0015637759570381604,0.02938504999037832,0.8061135923722759,426,872448,7283.8163708,27918336
947.62,5138.890619209999,3755,0.002250697583367941,0.02136573791503906,-1.1957299247384072,-0.00141823681697133,0.02998756358283572,0.7686877526342869,427,874496,7301.2706593,27983872
966.22,5312.706647720001,3761,0.001998076332484916,0.018178176879882813,-1.1963700488209725,-0.0012283251708140597,0.028691815829370172,0.7372303649783134,428,876544,7318.6944034,28049408
967.64,5350.432284529999,3757,0.0022636475330331998,0.020769500732421876,-1.1969025641679765,-0.0013939471711637453,0.029099945846246554,0.6941683060489595,429,878592,7336.135284800001,28114944
968.1,5384.212778340001,3757,0.0020076163536654618,0.01749706268310547,-1.1977873414754867,-0.0013302250023116357,0.0300422144937329,0.6854050282854587,430,880640,7353.576394,28180480
958.18,5384.925093170001,3736,0.0022789935786509765,0.02103080749511719,-1.1993884582072496,-0.0013668585919731414,0.029735388059634715,0.17780819460749625,431,882688,7371.1176053,28246016
970.75,5418.45813333,3702,0.0019887425689840725,0.016972732543945313,-1.201407004892826,-0.0012187190717668273,0.0287955851003062,0.7755130380392075,432,884736,7388.8187834,28311552
984.92,5412.228699289999,3753,0.002245926838914868,0.02080230712890625,-1.2027000322937966,-0.0013677714654477314,0.028838591108797117,0.734751304704696,433,886784,7406.280167,28377088
961.13,5313.548584609999,3743,0.0020182767513864334,0.01710052490234375,-1.2030451588332653,-0.0012653334084461675,0.02897721357876435,0.7620293322019279,434,888832,7423.788183000001,28442624
936.66,5220.9311995200005,3753,0.0021670759018237395,0.019743919372558594,-1.203333730995655,-0.001294906990005984,0.030824300623498856,0.5911611483432353,435,890880,7441.2481794000005,28508160
972.81,5428.761770669999,3750,0.0021089190886328236,0.01931896209716797,-1.2036433633416892,-0.0013133250184182543,0.028545476030558348,0.6510945903602987,436,892928,7458.7253657,28573696
947.57,5328.378375310001,3719,0.0020817393192992615,0.017834281921386717,-1.2041360523551703,-0.0013098113384330645,0.02896204933640547,0.691188198607415,437,894976,7476.3475924,28639232
964.27,5430.225937440001,3713,0.0017602788841230392,0.014077377319335938,-1.2053384024649858,-0.0011668998380628182,0.030594103812472895,0.4916759252548218,438,897024,7493.9948707,28704768
963.94,5364.60385384,3741,0.0019449639178658166,0.016582489013671875,-1.206349355727434,-0.0012393738586979452,0.029108481819275767,0.7183441165834665,439,899072,7511.5099310000005,28770304
965.5,5379.42475645,3709,0.0021654898774648213,0.019240570068359376,-1.2073269575834273,-0.001323311837768415,0.030648910521995275,0.5877755668014288,440,901120,7529.1760369,28835840
971.35,5458.88023635,3743,0.0020564048149882535,0.018445968627929688,-1.2075812611728907,-0.0012816667927836533,0.028998515754938125,0.6906137897633016,441,903168,7546.6856655,28901376
961.75,5445.50910321,3758,0.0020014037546750144,0.017416000366210938,-1.2080657105892896,-0.0012547143200208667,0.030149639840237795,0.6142132542096078,442,905216,7564.124918,28966912
968.56,5476.82986784,3739,0.001885076746618274,0.015880775451660157,-1.2085369944572448,-0.0012186812888103304,0.029803503927541896,0.5682005235925317,443,907264,7581.652962,29032448
962.66,5476.632301319999,3731,0.002257238520588485,0.020371627807617188,-1.2087034903466702,-0.0013698334281798453,0.029723547413595952,0.5639395728707314,444,909312,7599.2186957,29097984
940.1,5304.196788360002,3753,0.001955781879843606,0.016861915588378906,-1.2090295769274235,-0.0011917214120330754,0.030269023950677366,0.7011794565245509,445,911360,7616.6814421,29163520
943.26,5297.724773940001,3775,0.001784160119778112,0.014072418212890625,-1.20965316593647,-0.0011106784048024565,0.030609652877319603,0.5278879268094897,446,913408,7634.0404453,29229056
953.37,5368.704185539999,3757,0.0021245888316730925,0.019087600708007812,-1.2106471221894026,-0.00124678678548662,0.030265230732038618,0.7130486454814673,447,915456,7651.4826051,29294592
936.26,5262.13998,3766,0.0019277754626043481,0.0163330078125,-1.2116817701607943,-0.0011656137994577875,0.03146798770176247,0.5957397068385035,448,917504,7668.8813964,29360128
912.38,5113.20096174,3733,0.0018103534949490488,0.014569854736328125,-1.2124662328511477,-0.0011766389416152379,0.03137598527246155,0.6325048162136226,449,919552,7686.4343804,29425664
889.16,4989.305953120001,3765,0.001821163545037014,0.014521217346191407,-1.2133604798465967,-0.0011153440824273274,0.030232266342500223,0.31291397344321015,450,921600,7703.8391475,29491200
930.0,5314.1395557999995,3767,0.0018354609438475285,0.015291213989257812,-1.2137904312461614,-0.0010761228390038014,0.030449596367543564,0.3858866855502129,451,923648,7721.2369166,29556736
979.84,5510.889925019999,3718,0.0018618998269795892,0.015564727783203124,-1.2142973743379115,-0.0011262520361924543,0.0299770156503655,0.7101546326186507,452,925696,7738.8614123,29622272
942.28,5225.552113090001,3694,0.0016256954847332211,0.012893295288085938,-1.2147906187921762,-0.0010251726394926663,0.03109294269233942,0.6844431600067764,453,927744,7756.6037718,29687808
953.37,5389.95195402,3722,0.0019188171226622148,0.01611747741699219,-1.2149593885987997,-0.0011670385334582533,0.030082009849138558,0.4288475291803479,454,929792,7774.2123558,29753344
950.83,5356.6619298099995,3713,0.0017686903478564531,0.013756942749023438,-1.2155223600566387,-0.0010317016985936789,0.03024394781095907,0.48898458695039154,455,931840,7791.862647,29818880
974.52,5501.419716640001,3704,0.001628088097424611,0.013190841674804688,-1.2164439730346204,-0.0010363393208535853,0.029786921347840688,0.560482513718307,456,933888,7809.5547625,29884416
974.48,5347.4416669,3746,0.0015309933388752439,0.011113166809082031,-1.2171739511191846,-0.0009872034570435062,0.029989346454385668,0.8186780849471689,457,935936,7827.0499075,29949952
963.33,5301.037613189999,3738,0.0018092467793742848,0.014468193054199219,-1.217798050865531,-0.001115927974024089,0.030676140217110515,0.6533051827456802,458,937984,7844.5816409,30015488
952.76,5342.43804271,3716,0.0015779327887596646,0.011604690551757812,-1.2185831885784864,-0.000964594151446363,0.03043646573787555,0.7440326965879649,459,940032,7862.216426,30081024
935.41,5255.140012039999,3727,0.001574471991989377,0.011322593688964844,-1.2190463617444038,-0.0009234477940481157,0.03003422185429372,0.5063610463403165,460,942080,7879.7986889,30146560
950.54,5402.54814003,3725,0.0016072509966758865,0.012115859985351562,-1.2196230314671994,-0.0009251547508938529,0.029255535046104342,0.3150208696722984,461,944128,7897.3933681,30212096
951.37,5417.116393170002,3705,0.0015314228811622599,0.011223220825195312,-1.2201487734913825,-0.000863852966358536,0.029833068262087183,0.517302414122969,462,946176,7915.0813222,30277632
962.8,5405.96765039,3736,0.0016324294529928296,0.012589645385742188,-1.2207105591893197,-0.000955819638329558,0.029771797033026813,0.6535427677910775,463,948224,7932.6217631,30343168
959.55,5456.556435529999,3744,0.0014865308736862121,0.0107635498046875,-1.221196873113513,-0.000885501720404136,0.030204357457114382,0.17775394003838302,464,950272,7950.1238516,30408704
939.39,5291.01378807,3732,0.0015011931152804445,0.01118316650390625,-1.2215557310730218,-0.0009034010196046438,0.031249357480555774,0.6698955188505351,465,952320,7967.6846101,30474240
979.74,5487.9682131399995,3736,0.0012359138104635042,0.008221817016601563,-1.2215190000832081,-0.0007773578101478052,0.02973341803299263,0.36976547790691255,466,954368,7985.2263028,30539776
994.53,5584.374594680001,3742,0.001493977739941792,0.01070404052734375,-1.221293882280588,-0.0007992575890966691,0.029846950725186616,0.6169051726348698,467,956416,8002.7375941,30605312
952.45,5395.694455510002,3703,0.001529484165920863,0.010546493530273437,-1.2214152302592993,-0.0008270244525192538,0.03072839872329496,0.4161376044154167,468,958464,8020.4356295,30670848
944.59,5269.470879629999,3719,0.001466343713896789,0.009359931945800782,-1.2217656154185534,-0.000822093038004823,0.02906036776257679,0.7416184590198099,469,960512,8038.0552987,30736384
958.24,5280.817899569999,3724,0.0013342263537548874,0.008790016174316406,-1.2220978282392025,-0.0007217384885734645,0.030166644958080725,0.6558678496629,470,962560,8055.6538042,30801920
988.6,5504.5524411900005,3747,0.0011983643811115737,0.008035087585449218,-1.222442478686571,-0.0007593612564960495,0.03034857192542404,0.6296609203331173,471,964608,8073.1421268,30867456
978.42,5514.3886809900005,3738,0.0012409911157982394,0.007979393005371094,-1.2227156188338995,-0.0007219718027045019,0.030526613676920535,0.3657198538072407,472,966656,8090.6753713,30932992
964.96,5472.280871200001,3732,0.00122702724843944,0.007838821411132813,-1.2225948691368103,-0.0006563408715010155,0.02984314927016385,0.5387470129877329,473,968704,8108.2349819,30998528
962.67,5387.149159709999,3722,0.001296959449746305,0.00845489501953125,-1.2227631859481334,-0.0006922745531483087,0.030673907068558038,0.7355177089106292,474,970752,8125.8407977,31064064
975.78,5431.45809693,3734,0.001217475561168434,0.007791328430175781,-1.223047499731183,-0.0006429082241083961,0.029246896112454124,0.40336548276245593,475,972800,8143.3929977,31129600
950.2,5377.653314040001,3707,0.0011759445769787334,0.0068817138671875,-1.2234089139848947,-0.0006276631705986801,0.031037754617864267,0.5439092285931111,476,974848,8161.0685586,31195136
963.44,5417.658282289998,3740,0.0009927856201291687,0.0053466796875,-1.2238163203001022,-0.0005871465524251107,0.02982502426020801,0.6426585319917649,477,976896,8178.5923024,31260672
976.62,5469.763443100001,3729,0.0010034212845034898,0.006026077270507813,-1.2239124178886414,-0.0005602360070042778,0.030703818274196236,0.5189422535710037,478,978944,8196.166569,31326208
949.22,5359.98623978,3736,0.001098840631825916,0.006879043579101562,-1.2240123175084592,-0.0005990971738356165,0.030698320298688485,0.39188591931015254,479,980992,8213.7085105,31391744
977.98,5584.2532908799985,3755,0.0009847692941202506,0.005553245544433594,-1.2241178035736084,-0.0005354900047677801,0.02973709045909345,0.11441879905760288,480,983040,8231.1616213,31457280
986.89,5471.588629320001,3726,0.0006344629332728478,0.00274810791015625,-1.2241259399801492,-0.0004061795712914318,0.029392030218150466,0.8216661846963689,481,985088,8248.7510151,31522816
975.63,5359.546839799999,3728,0.0006380772262286247,0.0027301788330078127,-1.2241898886859417,-0.0003909011877112789,0.030633476085495204,0.7497342584654689,482,987136,8266.3299059,31588352
944.74,5308.951238299999,3750,0.0006437407761190385,0.0023075103759765624,-1.2243197727948427,-0.00038744874036638065,0.031220299558481202,0.21132397875189782,483,989184,8283.8058892,31653888
976.81,5433.893743819999,3720,0.0005084519299414642,0.001930999755859375,-1.2243977200239897,-0.00032939661614364015,0.03015269336756319,0.8166326498845592,484,991232,8301.4235138,31719424
947.68,5202.293037489999,3738,0.00023572246615614635,0.0002231597900390625,-1.2243518192321061,-0.00023825054086046293,0.029692808724939825,0.7685860175639391,485,993280,8318.9550853,31784960
962.82,5432.61375452,3764,0.0001985885994695194,0.00021114349365234376,-1.2243505414575337,-0.0002419713437120663,0.0318182903691195,0.6725789345335216,486,995328,8336.3634876,31850496
955.66,5348.40295828,3736,8.068311352050457e-05,2.288818359375e-06,-1.2243593957275152,-0.00010417988487461116,0.03027741391560994,0.6233514152932912,487,997376,8353.9023459,31916032
955.35,5441.118403530001,3708,2.0850667314550242e-05,0.0,-1.224364112690091,-5.669599158864003e-05,0.030044267239281906,0.2309772226959467,488,999424,8371.5734717,31981568
954.12,5339.15458927,3720,8.739977103484371e-08,0.0,-1.2243657112121582,-1.371746475342661e-06,0.03025309680378996,0.7152699740603566,489,1001472,8389.1898019,32047104
